model,params,loglik,n,k,converged,aic,bic,observed_zeros,expected_zeros,zero_ratio_observed_over_expected,naics3,year,naics3_title,modal_establishment_industry_description,is_best_by_aic,zero_inflation_pi,dispersion_alpha,observed_mean,observed_variance,variance_to_mean_ratio
poisson,{'mu': 2.420813997414381},-49499.54490500176,21951,1,True,99001.08981000353,99009.08637797908,9858,8629.901136323067,1.142307408193576,238,2024,Specialty Trade Contractors,Electrical contractors,False,,,1.9713908250193612,19.586626278443454,9.935435444796235
nb2,"{'mu': 3.102113334858688, 'alpha': 1.113802754979684}",-36543.43653715388,21951,2,True,73090.87307430776,73106.86621025887,9858,10268.0047473695,0.9600696768790903,238,2024,Specialty Trade Contractors,Electrical contractors,True,,1.113802754979684,1.9713908250193612,19.586626278443454,9.935435444796235
zip,"{'mu': 2.7936801477104374, 'pi': 0.15626190574276125}",-47335.77593099897,21951,2,True,94675.55186199794,94691.54499794905,9858,10044.355395722167,0.9814467540842358,238,2024,Specialty Trade Contractors,Electrical contractors,False,0.15626190574276125,,1.9713908250193612,19.586626278443454,9.935435444796235
zinb,"{'mu': 3.1021133302625, 'alpha': 1.1138026677654291, 'pi': 1.5209407576755836e-14}",-36543.43653715389,21951,3,True,73092.87307430778,73116.86277823443,9858,10268.004569259785,0.9600696935325437,238,2024,Specialty Trade Contractors,Electrical contractors,False,1.5209407576755836e-14,1.1138026677654291,1.9713908250193612,19.586626278443454,9.935435444796235
poisson,{'mu': 4.6355308561917274},-52092.1999849813,20872,1,True,104186.3999699626,104194.34613378941,4763,3768.5899707767967,1.2638679285712346,445,2024,Food and Beverage Retailers,Supermarkets and Other Grocery except Convenience Stores,False,,,3.246119202759678,22.275904832091964,6.862318799985586
nb2,"{'mu': 4.757815125584664, 'alpha': 0.5021001420090533}",-44380.788372874595,20872,2,True,88765.57674574919,88781.46907340283,4763,5336.018890194161,0.8926130319277579,445,2024,Food and Beverage Retailers,Supermarkets and Other Grocery except Convenience Stores,True,,0.5021001420090533,3.246119202759678,22.275904832091964,6.862318799985586
zip,"{'mu': 4.920966001227474, 'pi': 0.06826532465294731}",-51083.45004898931,20872,2,True,102170.90009797862,102186.79242563226,4763,4753.586634755951,1.001980265842895,445,2024,Food and Beverage Retailers,Supermarkets and Other Grocery except Convenience Stores,False,0.06826532465294731,,3.246119202759678,22.275904832091964,6.862318799985586
zinb,"{'mu': 4.757815003252395, 'alpha': 0.5021001396962522, 'pi': 2.4091353927949637e-15}",-44380.788372874595,20872,3,True,88767.57674574919,88791.41523722964,4763,5336.018979594148,0.8926130169728649,445,2024,Food and Beverage Retailers,Supermarkets and Other Grocery except Convenience Stores,False,2.4091353927949637e-15,0.5021001396962522,3.246119202759678,22.275904832091964,6.862318799985586
poisson,{'mu': 2.7383311294425505},-32410.35531013039,20680,1,True,64822.71062026078,64830.6475425894,11856,10922.594481902925,1.0854563922192284,423,2024,"Merchant Wholesalers, Durable Goods",Office Equipment,False,,,1.2859284332688588,9.938312629307603,7.7285114569278095
nb2,"{'mu': 3.2143002459604255, 'alpha': 1.006195464861187}",-25856.79910361061,20680,2,True,51717.59820722122,51733.47205187847,11856,12077.47710450052,0.9816619727295538,423,2024,"Merchant Wholesalers, Durable Goods",Office Equipment,False,,1.006195464861187,1.2859284332688588,9.938312629307603,7.7285114569278095
zip,"{'mu': 3.3588092081612677, 'pi': 0.18738019420728316}",-30273.100733753756,20680,2,True,60550.20146750751,60566.07531216476,11856,11943.929909193997,0.9926381090761164,423,2024,"Merchant Wholesalers, Durable Goods",Office Equipment,False,0.18738019420728316,,1.2859284332688588,9.938312629307603,7.7285114569278095
zinb,"{'mu': 3.3606051180301835, 'alpha': 0.8686963380779307, 'pi': 0.04372149571958134}",-25843.474599538327,20680,3,True,51692.949199076655,51716.75996606252,11856,12079.605059643061,0.9814890421881335,423,2024,"Merchant Wholesalers, Durable Goods",Office Equipment,True,0.04372149571958134,0.8686963380779307,1.2859284332688588,9.938312629307603,7.7285114569278095
poisson,{'mu': 5.997928930249252},-76105.49627411317,20494,1,True,152212.99254822635,152220.9204356657,5135,3468.8971989082693,1.480297542866386,623,2024,Nursing and Residential Care Facilities,Skilled nursing facilities,False,,,4.5230311310627505,61.83442126018047,13.671013855182464
nb2,"{'mu': 6.956706268722661, 'alpha': 0.7849937139786155}",-47337.47202432992,20494,2,True,94678.94404865985,94694.79982353856,5135,5303.594754228048,0.9682112299221874,623,2024,Nursing and Residential Care Facilities,Skilled nursing facilities,False,,0.7849937139786155,4.5230311310627505,61.83442126018047,13.671013855182464
zip,"{'mu': 6.586531370748367, 'pi': 0.09031742930407001}",-71236.39828409735,20494,2,True,142476.7965681947,142492.65234307342,5135,4737.780401449032,1.0838408632087464,623,2024,Nursing and Residential Care Facilities,Skilled nursing facilities,False,0.09031742930407001,,4.5230311310627505,61.83442126018047,13.671013855182464
zinb,"{'mu': 6.991312745911551, 'alpha': 0.762173824810751, 'pi': 0.004979768137866084}",-47326.109602476834,20494,3,True,94658.21920495367,94682.00286727175,5135,5297.5317643700055,0.9693193412329951,623,2024,Nursing and Residential Care Facilities,Skilled nursing facilities,True,0.004979768137866084,0.762173824810751,4.5230311310627505,61.83442126018047,13.671013855182464
poisson,{'mu': 2.5254526205774033},-31542.856061810864,16859,1,True,63087.71212362173,63095.44476353954,10444,10006.720863978198,1.0436985444048812,561,2024,Administrative and Support Services,Activities related to Real Estate and Facilities Support Services,False,,,1.6455898926389465,42.105427344950336,25.58682909593475
nb2,"{'mu': 3.5423378785207995, 'alpha': 1.3017012689298395}",-20356.031417650247,16859,2,True,40716.062835300494,40731.52811513613,10444,10647.299176692502,0.9809060332278879,561,2024,Administrative and Support Services,Activities related to Real Estate and Facilities Support Services,False,,1.3017012689298395,1.6455898926389465,42.105427344950336,25.58682909593475
zip,"{'mu': 2.9608437872133595, 'pi': 0.15331201146839032}",-29249.58277426508,16859,2,True,58503.16554853016,58518.63082836579,10444,10638.214867059749,0.9817436600513572,561,2024,Administrative and Support Services,Activities related to Real Estate and Facilities Support Services,False,0.15331201146839032,,1.6455898926389465,42.105427344950336,25.58682909593475
zinb,"{'mu': 3.592907281700573, 'alpha': 1.2462367437070143, 'pi': 0.014294331819314823}",-20354.710683470516,16859,3,True,40715.42136694103,40738.61928669448,10444,10646.301440708972,0.9809979604808653,561,2024,Administrative and Support Services,Activities related to Real Estate and Facilities Support Services,True,0.014294331819314823,1.2462367437070143,1.6455898926389465,42.105427344950336,25.58682909593475
poisson,{'mu': 3.7327942034764514},-14258.948015492555,15085,1,True,28519.89603098511,28527.5174871367,11006,10076.88885468254,1.0922021825104997,722,2024,Food Services and Drinking Places,Food Service Contractors,False,,,0.7171362280411004,9.252636412664987,12.902201912095705
nb2,"{'mu': 3.7206665355831943, 'alpha': 1.0936463998298913}",-12475.616628741402,15085,2,True,24955.233257482803,24970.47616978599,11006,11002.07477268019,1.0003567715545396,722,2024,Food Services and Drinking Places,Food Service Contractors,True,,1.0936463998298913,0.7171362280411004,9.252636412664987,12.902201912095705
zip,"{'mu': 4.848602584566774, 'pi': 0.2821013933904211}",-13513.49909412185,15085,2,True,27030.9981882437,27046.241100546886,11006,10934.229393873033,1.0065638467551434,722,2024,Food Services and Drinking Places,Food Service Contractors,False,0.2821013933904211,,0.7171362280411004,9.252636412664987,12.902201912095705
zinb,"{'mu': 3.720666437529822, 'alpha': 1.0936464381973872, 'pi': 5.069116357200408e-15}",-12475.616628741402,15085,3,True,24957.233257482803,24980.097625937582,11006,11002.074855040244,1.0003567640660032,722,2024,Food Services and Drinking Places,Food Service Contractors,False,5.069116357200408e-15,1.0936464381973872,0.7171362280411004,9.252636412664987,12.902201912095705
poisson,{'mu': 4.666154775023806},-13738.296933769978,14654,1,True,27478.593867539956,27486.186336154675,10534,9631.465807123113,1.0937068366280658,455,2024,General Merchandise Retailers,All Other General Merchandise Retailers,False,,,1.1132114098539647,13.082515509147827,11.752049425062973
nb2,"{'mu': 4.20919268306837, 'alpha': 0.3903042407539906}",-12489.714172322148,14654,2,True,24983.428344644297,24998.613281873735,10534,10150.32759929257,1.0377990165296902,455,2024,General Merchandise Retailers,All Other General Merchandise Retailers,True,,0.3903042407539906,1.1132114098539647,13.082515509147827,11.752049425062973
zip,"{'mu': 4.823768183373025, 'pi': 0.07237897081818878}",-13636.791431468104,14654,2,True,27277.582862936208,27292.767800165646,10534,9900.466547975035,1.0639902623734983,455,2024,General Merchandise Retailers,All Other General Merchandise Retailers,False,0.07237897081818878,,1.1132114098539647,13.082515509147827,11.752049425062973
zinb,"{'mu': 4.209192760317527, 'alpha': 0.39030423700116756, 'pi': 2.7105943342928825e-14}",-12489.714172322154,14654,3,True,24985.428344644308,25008.20575048847,10534,10150.327548337074,1.0377990217395283,455,2024,General Merchandise Retailers,All Other General Merchandise Retailers,False,2.7105943342928825e-14,0.39030423700116756,1.1132114098539647,13.082515509147827,11.752049425062973
poisson,{'mu': 4.108986302270721},-24230.040869580327,12998,1,True,48462.081739160654,48469.55428993911,3728,3839.8543428291678,0.9708701599481103,444,2024,Building Material and Garden Equipment and Supplies Dealers,Homecenter,False,,,2.344206801046315,7.062934203117309,3.0129313676442004
nb2,"{'mu': 4.311727714900127, 'alpha': 0.2723796557021605}",-23156.118930358192,12998,2,True,46316.237860716385,46331.18296227329,3728,4194.837662428828,0.8887113876634437,444,2024,Building Material and Garden Equipment and Supplies Dealers,Homecenter,False,,0.2723796557021605,2.344206801046315,7.062934203117309,3.0129313676442004
zip,"{'mu': 4.268739501866273, 'pi': 0.034413989458042506}",-24004.16361611876,12998,2,True,48012.32723223752,48027.272333794426,3728,4062.918904707439,0.9175669235437137,444,2024,Building Material and Garden Equipment and Supplies Dealers,Homecenter,False,0.034413989458042506,,2.344206801046315,7.062934203117309,3.0129313676442004
zinb,"{'mu': 4.314573972995816, 'alpha': 0.26787712302782196, 'pi': 0.0009931586120683874}",-23152.635384545607,12998,3,True,46311.270769091214,46333.688421426574,3728,4193.791123438501,0.8889331610162317,444,2024,Building Material and Garden Equipment and Supplies Dealers,Homecenter,True,0.0009931586120683874,0.26787712302782196,2.344206801046315,7.062934203117309,3.0129313676442004
poisson,{'mu': 3.088384125155329},-32197.474254519086,12670,1,True,64396.94850903817,64404.39550131149,6478,6105.073754900099,1.0610846420652298,621,2024,Ambulatory Health Care Services,Home health care agencies,False,,,2.464719810576164,67.5999786705073,27.42704399114024
nb2,"{'mu': 4.148794680258296, 'alpha': 1.1192232219720608}",-19400.469126684908,12670,2,True,38804.938253369815,38819.832237916446,6478,6675.107343607103,0.9704712848107414,621,2024,Ambulatory Health Care Services,Home health care agencies,False,,1.1192232219720608,2.464719810576164,67.5999786705073,27.42704399114024
zip,"{'mu': 3.6334474725406785, 'pi': 0.12621031102064528}",-28841.687473271006,12670,2,True,57687.37494654201,57702.26893108864,6478,6542.544959856388,0.9901345790892654,621,2024,Ambulatory Health Care Services,Home health care agencies,False,0.12621031102064528,,2.464719810576164,67.5999786705073,27.42704399114024
zinb,"{'mu': 4.2551881290034546, 'alpha': 1.0112107795717715, 'pi': 0.02558666171928916}",-19387.48645500327,12670,3,True,38780.97291000654,38803.31388682649,6478,6664.148473711016,0.972067177907974,621,2024,Ambulatory Health Care Services,Home health care agencies,True,0.02558666171928916,1.0112107795717715,2.464719810576164,67.5999786705073,27.42704399114024
poisson,{'mu': 4.7994582069496765},-27793.444336471424,10330,1,True,55588.88867294285,55596.13148050496,4537,3058.77116996536,1.4832753899832856,424,2024,"Merchant Wholesalers, Nondurable Goods",Confectionery Merchant Wholesalers,False,,,4.0456921587608905,89.64515327212632,22.15817460999868
nb2,"{'mu': 4.378756232823165, 'alpha': 0.8221979321097753}",-18590.04314066318,10330,2,True,37184.08628132636,37198.57189645059,4537,4254.066429767455,1.066508968513689,424,2024,"Merchant Wholesalers, Nondurable Goods",Confectionery Merchant Wholesalers,False,,0.8221979321097753,4.0456921587608905,89.64515327212632,22.15817460999868
zip,"{'mu': 5.360802634155606, 'pi': 0.19069276895618592}",-25631.26487333476,10330,2,True,51266.52974666952,51281.01536179375,4537,4266.70924799745,1.063348762779983,424,2024,"Merchant Wholesalers, Nondurable Goods",Confectionery Merchant Wholesalers,False,0.19069276895618592,,4.0456921587608905,89.64515327212632,22.15817460999868
zinb,"{'mu': 4.564262225395907, 'alpha': 0.710875293775994, 'pi': 0.03979793401541507}",-18574.060276234,10330,3,True,37154.120552468,37175.84897515434,4537,4299.324737657116,1.0552819981847668,424,2024,"Merchant Wholesalers, Nondurable Goods",Confectionery Merchant Wholesalers,True,0.03979793401541507,0.710875293775994,4.0456921587608905,89.64515327212632,22.15817460999868
poisson,{'mu': 3.3486315816120302},-25342.906078306438,9873,1,True,50687.812156612876,50695.009715650485,3051,2481.31918839304,1.2295878798148088,332,2024,Fabricated Metal Product Manufacturing,Machine shops,False,,,2.9446976602856276,23.029049419884128,7.820514048172393
nb2,"{'mu': 3.9347656660626433, 'alpha': 0.7590902909311903}",-19827.646416871656,9873,2,True,39659.29283374331,39673.68795181854,3051,3249.2890212003367,0.9389746434045791,332,2024,Fabricated Metal Product Manufacturing,Machine shops,True,,0.7590902909311903,2.9446976602856276,23.029049419884128,7.820514048172393
zip,"{'mu': 3.597949567137686, 'pi': 0.08897913460041967}",-24715.172233409245,9873,2,True,49434.34446681849,49448.739584893716,3051,2993.4078165587016,1.019239671628675,332,2024,Fabricated Metal Product Manufacturing,Machine shops,False,0.08897913460041967,,2.9446976602856276,23.029049419884128,7.820514048172393
zinb,"{'mu': 3.9347656413594767, 'alpha': 0.7590903076525255, 'pi': 2.077767683359932e-15}",-19827.646416871656,9873,3,True,39661.29283374331,39682.88551085615,3051,3249.2890555273,0.938974633484825,332,2024,Fabricated Metal Product Manufacturing,Machine shops,False,2.077767683359932e-15,0.7590903076525255,2.9446976602856276,23.029049419884128,7.820514048172393
poisson,{'mu': 4.5392357486512545},-34878.892480828814,9775,1,True,69759.78496165763,69766.97254504249,3876,2244.3789954427275,1.726981052607569,493,2024,Warehousing and Storage,General warehousing and storage,False,,,6.973708439897698,570.0544494188291,81.74337288858489
nb2,"{'mu': 3.6034161899266564, 'alpha': 0.8610844208955692}",-19399.489415303564,9775,2,True,38802.97883060713,38817.353997376835,3876,3681.4301014299836,1.052851716101968,493,2024,Warehousing and Storage,General warehousing and storage,True,,0.8610844208955692,6.973708439897698,570.0544494188291,81.74337288858489
zip,"{'mu': 4.858247795372781, 'pi': 0.19004704999025662}",-32838.19948619704,9775,2,True,65680.39897239408,65694.77413916378,3876,3581.1005201871185,1.0823488416900044,493,2024,Warehousing and Storage,General warehousing and storage,False,0.19004704999025662,,6.973708439897698,570.0544494188291,81.74337288858489
zinb,"{'mu': 3.6034162188860255, 'alpha': 0.8610844195237937, 'pi': 1.331693851428788e-14}",-19399.489415303568,9775,3,True,38804.978830607135,38826.541580761696,3876,3681.430085956717,1.0528517205271655,493,2024,Warehousing and Storage,General warehousing and storage,False,1.331693851428788e-14,0.8610844195237937,6.973708439897698,570.0544494188291,81.74337288858489
poisson,{'mu': 5.176330003192223},-27785.618255329762,9644,1,True,55573.236510659524,55580.410601898824,1590,761.3396771421108,2.0884239292092124,452,2024,,Warehouse Clubs and Supercenters,False,,,8.018975528826212,114.17498211097313,14.238100827286804
nb2,"{'mu': 4.800758743651617, 'alpha': 0.21054780614647253}",-23920.223849654038,9644,2,True,47844.447699308075,47858.795881786675,1590,1040.738563184634,1.5277612036731298,452,2024,,Warehouse Clubs and Supercenters,False,,0.21054780614647253,8.018975528826212,114.17498211097313,14.238100827286804
zip,"{'mu': 5.270500612910477, 'pi': 0.03947731180782113}",-27338.05391088432,9644,2,True,54680.10782176864,54694.45600424724,1590,1095.5886479929416,1.451274621102357,452,2024,,Warehouse Clubs and Supercenters,False,0.03947731180782113,,8.018975528826212,114.17498211097313,14.238100827286804
zinb,"{'mu': 4.854830077619716, 'alpha': 0.19447081266120894, 'pi': 0.010923841922909992}",-23889.137312226307,9644,3,True,47784.27462445261,47805.79689817052,1590,1105.6259874068605,1.4380993374886133,452,2024,,Warehouse Clubs and Supercenters,True,0.010923841922909992,0.19447081266120894,8.018975528826212,114.17498211097313,14.238100827286804
poisson,{'mu': 6.463827924844638},-21514.348364091013,9260,1,True,43030.696728182025,43037.830187509666,1197,2019.9082573921378,0.5926011716717383,491,2024,Postal Service,Mail and Parcel Delivery,False,,,3.448596112311015,27.844549864952484,8.07416959195403
nb2,"{'mu': 7.201199296760451, 'alpha': 0.29156108199655356}",-19738.515968759726,9260,2,True,39481.03193751945,39495.29885617473,1197,2248.854514739265,0.532270981584054,491,2024,Postal Service,Mail and Parcel Delivery,True,,0.29156108199655356,3.448596112311015,27.844549864952484,8.07416959195403
zip,"{'mu': 6.614649518280864, 'pi': 0.02771843354258282}",-21429.162964325722,9260,2,True,42862.325928651444,42876.592847306725,1197,2180.2742647145096,0.5490134976925658,491,2024,Postal Service,Mail and Parcel Delivery,False,0.02771843354258282,,3.448596112311015,27.844549864952484,8.07416959195403
zinb,"{'mu': 7.201199097673206, 'alpha': 0.2915610771320257, 'pi': 8.625063061765172e-17}",-19738.515968759722,9260,3,True,39483.031937519445,39504.43231550237,1197,2248.8545566019234,0.5322709716757751,491,2024,Postal Service,Mail and Parcel Delivery,False,8.625063061765172e-17,0.2915610771320257,3.448596112311015,27.844549864952484,8.07416959195403
poisson,{'mu': 3.7078657955177636},-20392.930593825935,8927,1,True,40787.86118765187,40794.95802332305,3150,2716.634291089756,1.1595230209423597,484,2024,Truck Transportation,"General freight trucking, local",False,,,2.9264030469362607,37.028861521433534,12.653370341518801
nb2,"{'mu': 4.272267720947357, 'alpha': 0.6267020881183621}",-16694.11729170218,8927,2,True,33392.23458340436,33406.428254746716,3150,3223.398358830584,0.9772295103925001,484,2024,Truck Transportation,"General freight trucking, local",False,,0.6267020881183621,2.9264030469362607,37.028861521433534,12.653370341518801
zip,"{'mu': 3.97593648765538, 'pi': 0.08916764119682123}",-19785.05891756952,8927,2,True,39574.11783513904,39588.3115064814,3150,3145.1445447694086,1.0015437939851337,484,2024,Truck Transportation,"General freight trucking, local",False,0.08916764119682123,,2.9264030469362607,37.028861521433534,12.653370341518801
zinb,"{'mu': 4.314596652239632, 'alpha': 0.5952627734864052, 'pi': 0.010807583645110991}",-16691.480773627412,8927,3,True,33388.961547254825,33410.25205426836,3150,3232.0287324676337,0.974620048502785,484,2024,Truck Transportation,"General freight trucking, local",True,0.010807583645110991,0.5952627734864052,2.9264030469362607,37.028861521433534,12.653370341518801
poisson,{'mu': 1.7891126932390293},-17106.61924757671,8369,1,True,34215.23849515342,34222.270784835455,4679,4161.911937949954,1.1242429128149092,236,2024,Construction of Buildings,Commercial building construction general contractors,False,,,1.472935834627793,11.140413426519679,7.563407152311446
nb2,"{'mu': 2.499174514040191, 'alpha': 1.7009166670005986}",-11952.429045790623,8369,2,True,23908.858091581245,23922.92267094531,4679,4822.640516817144,0.9702153796626035,236,2024,Construction of Buildings,Commercial building construction general contractors,True,,1.7009166670005986,1.472935834627793,11.140413426519679,7.563407152311446
zip,"{'mu': 2.211877868638269, 'pi': 0.22279509211425383}",-16148.045699875856,8369,2,True,32300.091399751713,32314.155979115778,4679,4764.443292538408,0.982066468778793,236,2024,Construction of Buildings,Commercial building construction general contractors,False,0.22279509211425383,,1.472935834627793,11.140413426519679,7.563407152311446
zinb,"{'mu': 2.4991744597301624, 'alpha': 1.7009167073589282, 'pi': 4.841978293471804e-15}",-11952.429045790623,8369,3,True,23910.858091581245,23931.954960627343,4679,4822.640569195538,0.9702153691251557,236,2024,Construction of Buildings,Commercial building construction general contractors,False,4.841978293471804e-15,1.7009167073589282,1.472935834627793,11.140413426519679,7.563407152311446
poisson,{'mu': 0.9540123074435636},-27287.4045340235,7972,1,True,54576.809068047,54583.792758728334,3621,4315.306911914582,0.8391060181611655,237,2024,Heavy and Civil Engineering Construction,"Pavement, highway, road, street, bridge or airport runway, construction",False,,,2.0096588058203713,22.484477705964856,11.188206495971029
nb2,"{'mu': 2.3775473275551513, 'alpha': 1.7970597673626134}",-13967.599621681555,7972,2,True,27939.19924336311,27953.166624725774,3621,4126.752891817292,0.8774453171596193,237,2024,Heavy and Civil Engineering Construction,"Pavement, highway, road, street, bridge or airport runway, construction",False,,1.7970597673626134,2.0096588058203713,22.484477705964856,11.188206495971029
zip,"{'mu': 1.4286501915350571, 'pi': 0.1345367283780579}",-22315.046033530973,7972,2,True,44634.092067061945,44648.05944842461,3621,4205.196861084743,0.8610774048437656,237,2024,Heavy and Civil Engineering Construction,"Pavement, highway, road, street, bridge or airport runway, construction",False,0.1345367283780579,,2.0096588058203713,22.484477705964856,11.188206495971029
zinb,"{'mu': 2.5385106179303616, 'alpha': 1.417999935893429, 'pi': 0.06871084827387887}",-13941.515244243474,7972,3,True,27889.030488486947,27909.981560530945,3621,4096.363450220654,0.8839547671984408,237,2024,Heavy and Civil Engineering Construction,"Pavement, highway, road, street, bridge or airport runway, construction",True,0.06871084827387887,1.417999935893429,2.0096588058203713,22.484477705964856,11.188206495971029
poisson,{'mu': 2.112774186586087},-13462.54931202684,6838,1,True,26927.09862405368,26933.928874623878,3582,3254.1969401839597,1.1007323975289307,221,2024,Utilities,Distribution of electric power,False,,,1.7315004387247732,27.347036385712002,15.793837399113064
nb2,"{'mu': 2.61354701355264, 'alpha': 1.1184430467605873}",-9873.046526460499,6838,2,True,19750.093052920998,19763.753554061397,3582,3690.563599892228,0.9705834632153749,221,2024,Utilities,Distribution of electric power,False,,1.1184430467605873,1.7315004387247732,27.347036385712002,15.793837399113064
zip,"{'mu': 2.5628713915735273, 'pi': 0.1779585982441194}",-12396.43462508411,6838,2,True,24796.86925016822,24810.52975130862,3582,3638.4509328159897,0.9844848992446631,221,2024,Utilities,Distribution of electric power,False,0.1779585982441194,,1.7315004387247732,27.347036385712002,15.793837399113064
zinb,"{'mu': 2.74672025923076, 'alpha': 0.9478023848306925, 'pi': 0.04953866111950061}",-9866.398546679395,6838,3,True,19738.79709335879,19759.287845069386,3582,3693.176194457423,0.969896861507915,221,2024,Utilities,Distribution of electric power,True,0.04953866111950061,0.9478023848306925,1.7315004387247732,27.347036385712002,15.793837399113064
poisson,{'mu': 4.761634079275788},-17761.520161164615,6813,1,True,35525.04032232923,35531.86691016,2701,1841.1541067580742,1.4670146241891464,721,2024,Accommodation,Hotels (except casino hotels),False,,,4.675766916189637,204.44690578568367,43.724785569998204
nb2,"{'mu': 4.715367062927403, 'alpha': 0.6688751622514246}",-12857.158505247884,6813,2,True,25718.317010495768,25731.970186157316,2701,2465.861510806714,1.0953575406253695,721,2024,Accommodation,Hotels (except casino hotels),True,,0.6688751622514246,4.675766916189637,204.44690578568367,43.724785569998204
zip,"{'mu': 4.999574731209021, 'pi': 0.12942613942951015}",-17310.425039373047,6813,2,True,34624.850078746094,34638.50325440764,2701,2416.9887522485706,1.1175062347672111,721,2024,Accommodation,Hotels (except casino hotels),False,0.12942613942951015,,4.675766916189637,204.44690578568367,43.724785569998204
zinb,"{'mu': 4.715366937404, 'alpha': 0.6688751702146859, 'pi': 7.420131340938353e-14}",-12857.158505247886,6813,3,True,25720.31701049577,25740.79677398809,2701,2465.861555209123,1.0953575209014261,721,2024,Accommodation,Hotels (except casino hotels),False,7.420131340938353e-14,0.6688751702146859,4.675766916189637,204.44690578568367,43.724785569998204
poisson,{'mu': 4.859608652202058},-59123.49336842472,6561,1,True,118248.98673684945,118255.77563515879,1137,702.1510559312175,1.6193096775907723,622,2024,Hospitals,General medical and surgical hospitals,False,,,34.11217802164304,5295.29697256151,155.23186379954458
nb2,"{'mu': 5.373673523620431, 'alpha': 0.5819934938900385}",-22510.4230049396,6561,2,True,45024.8460098792,45038.423806497885,1137,931.7414522815939,1.220295605841922,622,2024,Hospitals,General medical and surgical hospitals,False,,0.5819934938900385,34.11217802164304,5295.29697256151,155.23186379954458
zip,"{'mu': 5.0581960161902435, 'pi': 0.045188293923161676}",-51000.76813287147,6561,2,True,102005.53626574294,102019.11406236162,1137,947.3963916939854,1.2001312333130119,622,2024,Hospitals,General medical and surgical hospitals,False,0.045188293923161676,,34.11217802164304,5295.29697256151,155.23186379954458
zinb,"{'mu': 5.511102380279456, 'alpha': 0.44815716780808107, 'pi': 0.026838156035413268}",-22292.80467115426,6561,3,True,44591.60934230852,44611.976037236556,1137,996.2993052840734,1.1412233191067105,622,2024,Hospitals,General medical and surgical hospitals,True,0.026838156035413268,0.44815716780808107,34.11217802164304,5295.29697256151,155.23186379954458
poisson,{'mu': 3.409932464352427},-24117.354958228567,6432,1,True,48236.709916457134,48243.478957267995,1329,1104.5193987321477,1.2032382604828202,311,2024,Food Manufacturing,Animal feed mills (except dog and cat) manufacturing,False,,,7.090174129353234,164.06276414878346,23.13945485056081
nb2,"{'mu': 4.013563998325156, 'alpha': 0.5594033112146247}",-16183.919626799341,6432,2,True,32371.839253598682,32385.3773352204,1329,1388.9561824735101,0.95683364008882,311,2024,Food Manufacturing,Animal feed mills (except dog and cat) manufacturing,True,,0.5594033112146247,7.090174129353234,164.06276414878346,23.13945485056081
zip,"{'mu': 3.4798382133813894, 'pi': 0.03295430715352346}",-23728.637143621974,6432,2,True,47461.27428724395,47474.81236886566,1329,1261.2508211668164,1.0537158649938536,311,2024,Food Manufacturing,Animal feed mills (except dog and cat) manufacturing,False,0.03295430715352346,,7.090174129353234,164.06276414878346,23.13945485056081
zinb,"{'mu': 4.013564130998299, 'alpha': 0.559403307874045, 'pi': 2.3836436553304834e-15}",-16183.91962679934,6432,3,True,32373.83925359868,32394.146376031254,1329,1388.9561479310594,0.9568336638846605,311,2024,Food Manufacturing,Animal feed mills (except dog and cat) manufacturing,False,2.3836436553304834e-15,0.559403307874045,7.090174129353234,164.06276414878346,23.13945485056081
poisson,{'mu': 8.980678109031347},-33864.27777924907,6146,1,True,67730.55555849813,67737.27911524082,831,386.9721290286207,2.1474414761755067,492,2024,Couriers and Messengers,Couriers and Express Delivery Services,False,,,11.19492352749756,604.7592713332343,54.02084881131995
nb2,"{'mu': 10.792050238552891, 'alpha': 0.6459402649241285}",-18505.84219949782,6146,2,True,37015.68439899564,37029.13151248102,831,741.9857368255842,1.1199676203416562,492,2024,Couriers and Messengers,Couriers and Express Delivery Services,False,,0.6459402649241285,11.19492352749756,604.7592713332343,54.02084881131995
zip,"{'mu': 9.293356408466801, 'pi': 0.06367752184365418}",-32632.137382452576,6146,2,True,65268.27476490515,65281.721878390534,831,738.5389100892169,1.1251946087710039,492,2024,Couriers and Messengers,Couriers and Express Delivery Services,False,0.06367752184365418,,11.19492352749756,604.7592713332343,54.02084881131995
zinb,"{'mu': 10.933261856380335, 'alpha': 0.6016336691437127, 'pi': 0.013627913298920599}",-18493.528678364914,6146,3,True,36993.05735672983,37013.2280269579,831,772.4045456540917,1.0758610946499392,492,2024,Couriers and Messengers,Couriers and Express Delivery Services,True,0.013627913298920599,0.6016336691437127,11.19492352749756,604.7592713332343,54.02084881131995
poisson,{'mu': 2.4233396337350976},-16283.108575457387,5892,1,True,32568.217150914774,32574.898501692358,2080,1757.7927334705469,1.1833021950735307,333,2024,Machinery Manufacturing,Belt conveyor systems manufacturing,False,,,3.3143245078071963,56.12557213366278,16.93424165360206
nb2,"{'mu': 2.9646167916131096, 'alpha': 0.8585039014574497}",-11556.042460108116,5892,2,True,23116.08492021623,23129.447621771396,2080,2175.056994627861,0.9562967798716812,333,2024,Machinery Manufacturing,Belt conveyor systems manufacturing,True,,0.8585039014574497,3.3143245078071963,56.12557213366278,16.93424165360206
zip,"{'mu': 2.6013091122420615, 'pi': 0.09973135286569712}",-15816.957451234735,5892,2,True,31637.91490246947,31651.277604024635,2080,2087.086721322412,0.9966044912029713,333,2024,Machinery Manufacturing,Belt conveyor systems manufacturing,False,0.09973135286569712,,3.3143245078071963,56.12557213366278,16.93424165360206
zinb,"{'mu': 2.96461680088774, 'alpha': 0.8585039393187031, 'pi': 1.7880197594737074e-15}",-11556.042460108116,5892,3,True,23118.08492021623,23138.12897254898,2080,2175.057017334192,0.9562967698884985,333,2024,Machinery Manufacturing,Belt conveyor systems manufacturing,False,1.7880197594737074e-15,0.8585039393187031,3.3143245078071963,56.12557213366278,16.93424165360206
poisson,{'mu': 2.921034512493656},-7060.555592313802,5783,1,True,14123.111184627604,14129.773862485761,4070,4132.056334925346,0.9849817306698295,531,2024,Real Estate,Residential property managing,False,,,1.3354660210963167,1010.3142306621261,756.5255983321346
nb2,"{'mu': 4.196723783280136, 'alpha': 1.3768256124859977}",-5451.720004078079,5783,2,True,10907.440008156158,10920.765363872475,4070,4193.663549566441,0.9705118095181416,531,2024,Real Estate,Residential property managing,False,,1.3768256124859977,1.3354660210963167,1010.3142306621261,756.5255983321346
zip,"{'mu': 3.3221420013273693, 'pi': 0.1563166490356463}",-6622.533731276836,5783,2,True,13249.067462553672,13262.39281826999,4070,4291.160266685066,0.9484614293243555,531,2024,Real Estate,Residential property managing,False,0.1563166490356463,,1.3354660210963167,1010.3142306621261,756.5255983321346
zinb,"{'mu': 4.447164164105002, 'alpha': 1.1440094996096857, 'pi': 0.060514003275938165}",-5449.402483718819,5783,3,True,10904.804967437638,10924.793001012113,4070,4194.642834276567,0.9702852330458158,531,2024,Real Estate,Residential property managing,True,0.060514003275938165,1.1440094996096857,1.3354660210963167,1010.3142306621261,756.5255983321346
poisson,{'mu': 3.936893319987017},-10415.330386633392,5556,1,True,20832.660773266784,20839.28340697066,2197,2201.8557260495973,0.9977947119821928,441,2024,Motor Vehicle and Parts Dealers,Tire Dealers,False,,,1.8003959683225341,56.24975506279153,31.2429910155823
nb2,"{'mu': 4.703176118525065, 'alpha': 0.7094400288812206}",-9023.092078866546,5556,2,True,18050.184157733092,18063.42942514084,2197,2456.4657372076003,0.8943743715706984,441,2024,Motor Vehicle and Parts Dealers,Tire Dealers,True,,0.7094400288812206,1.8003959683225341,56.24975506279153,31.2429910155823
zip,"{'mu': 4.406993426346362, 'pi': 0.10537518330193102}",-10084.605749214415,5556,2,True,20173.21149842883,20186.456765836578,2197,2409.783853829705,0.911700025090822,441,2024,Motor Vehicle and Parts Dealers,Tire Dealers,False,0.10537518330193102,,1.8003959683225341,56.24975506279153,31.2429910155823
zinb,"{'mu': 4.71456735002506, 'alpha': 0.6994373746229534, 'pi': 0.002853461840303097}",-9022.961747540503,5556,3,True,18051.923495081006,18071.791396192628,2197,2456.184489998934,0.8944767825648771,441,2024,Motor Vehicle and Parts Dealers,Tire Dealers,False,0.002853461840303097,0.6994373746229534,1.8003959683225341,56.24975506279153,31.2429910155823
poisson,{'mu': 1.4645045513592356},-12470.362497446244,5380,1,True,24942.724994892487,24949.315438545644,2220,2218.8729334482587,1.0005079455135766,325,2024,Chemical Manufacturing,"Pharmaceutical preparations (e.g., capsules, liniments, ointments, tablets) manufacturing",False,,,2.16728624535316,18.384654717320103,8.482799517940151
nb2,"{'mu': 2.0821481474215635, 'alpha': 0.9875363041584195}",-9331.231892218588,5380,2,True,18666.463784437175,18679.64467174349,2220,2415.1083582308866,0.9192134143522209,325,2024,Chemical Manufacturing,"Pharmaceutical preparations (e.g., capsules, liniments, ointments, tablets) manufacturing",True,,0.9875363041584195,2.16728624535316,18.384654717320103,8.482799517940151
zip,"{'mu': 1.5941868387358167, 'pi': 0.09083285514024693}",-12146.955974727744,5380,2,True,24297.911949455487,24311.0928367618,2220,2406.39928743553,0.9225401667924472,325,2024,Chemical Manufacturing,"Pharmaceutical preparations (e.g., capsules, liniments, ointments, tablets) manufacturing",False,0.09083285514024693,,2.16728624535316,18.384654717320103,8.482799517940151
zinb,"{'mu': 2.082148149209153, 'alpha': 0.9875363486053934, 'pi': 4.636441629836789e-15}",-9331.231892218588,5380,3,True,18668.463784437175,18688.235115396645,2220,2415.108381380313,0.9192134055413272,325,2024,Chemical Manufacturing,"Pharmaceutical preparations (e.g., capsules, liniments, ointments, tablets) manufacturing",False,4.636441629836789e-15,0.9875363486053934,2.16728624535316,18.384654717320103,8.482799517940151
poisson,{'mu': 3.8623203737044576},-11514.272103027122,5377,1,True,23030.544206054245,23037.134091931053,2712,2022.1679643505636,1.3411348848417652,562,2024,Waste Management and Remediation Services,Garbage collection services,False,,,2.1136321368793007,28.07951846091998,13.284960032060425
nb2,"{'mu': 3.881846209310917, 'alpha': 1.0329358853055524}",-8195.253627577076,5377,2,True,16394.507255154153,16407.687026907774,2712,2659.5757658977886,1.0197115024036605,562,2024,Waste Management and Remediation Services,Garbage collection services,False,,1.0329358853055524,2.1136321368793007,28.07951846091998,13.284960032060425
zip,"{'mu': 4.695709229788262, 'pi': 0.22058010110984397}",-10546.221328290478,5377,2,True,21096.442656580955,21109.622428334576,2712,2581.0867796427206,1.0507201932882708,562,2024,Waste Management and Remediation Services,Garbage collection services,False,0.22058010110984397,,2.1136321368793007,28.07951846091998,13.284960032060425
zinb,"{'mu': 3.9745426466199985, 'alpha': 0.9621665035694094, 'pi': 0.02285774339353003}",-8194.084433555756,5377,3,True,16394.16886711151,16413.93852474194,2712,2662.9847829201763,1.0184061198525043,562,2024,Waste Management and Remediation Services,Garbage collection services,True,0.02285774339353003,0.9621665035694094,2.1136321368793007,28.07951846091998,13.284960032060425
poisson,{'mu': 3.1331680535140505},-17161.93134367396,5361,1,True,34325.86268734792,34332.44959315175,2768,2791.6979134109156,0.9915112902090608,624,2024,Social Assistance,"Activity centers for disabled persons, the elderly, and persons diagnosed with intellectual and developmental disabilities",False,,,2.33948890132438,102.22349005774849,43.694795901737336
nb2,"{'mu': 5.520981441969601, 'alpha': 1.6923378883186986}",-8585.015091970992,5361,2,True,17174.030183941984,17187.20399554964,2768,2970.3334919605404,0.9318818938990611,624,2024,Social Assistance,"Activity centers for disabled persons, the elderly, and persons diagnosed with intellectual and developmental disabilities",False,,1.6923378883186986,2.33948890132438,102.22349005774849,43.694795901737336
zip,"{'mu': 4.098070958375559, 'pi': 0.14991803543118432}",-14697.308074817984,5361,2,True,29398.616149635967,29411.789961243623,2768,2929.480055093548,0.9448775714267864,624,2024,Social Assistance,"Activity centers for disabled persons, the elderly, and persons diagnosed with intellectual and developmental disabilities",False,0.14991803543118432,,2.33948890132438,102.22349005774849,43.694795901737336
zinb,"{'mu': 5.624695501851295, 'alpha': 1.5855901742907992, 'pi': 0.02041644817219999}",-8583.80017239924,5361,3,True,17173.60034479848,17193.361062209962,2768,2966.1475619666962,0.9331969978474992,624,2024,Social Assistance,"Activity centers for disabled persons, the elderly, and persons diagnosed with intellectual and developmental disabilities",True,0.02041644817219999,1.5855901742907992,2.33948890132438,102.22349005774849,43.694795901737336
poisson,{'mu': 2.730746247566873},-7951.175613369234,5223,1,True,15904.351226738469,15910.912053966906,2893,2842.8113998491262,1.0176545655309872,811,2024,Repair and Maintenance,Industrial equipment and machinery repair and maintenance services,False,,,1.2454528049013978,28.316164944307182,22.735638663200064
nb2,"{'mu': 3.3510988527933563, 'alpha': 0.945798179587372}",-6713.2885876971795,5223,2,True,13430.577175394359,13443.698829851231,2893,3042.5601112750205,0.9508439913082455,811,2024,Repair and Maintenance,Industrial equipment and machinery repair and maintenance services,True,,0.945798179587372,1.2454528049013978,28.316164944307182,22.735638663200064
zip,"{'mu': 3.1786729129400126, 'pi': 0.1486384990720878}",-7658.99265040445,5223,2,True,15321.9853008089,15335.106955265772,2893,3037.9791356653536,0.952277771113263,811,2024,Repair and Maintenance,Industrial equipment and machinery repair and maintenance services,False,0.1486384990720878,,1.2454528049013978,28.316164944307182,22.735638663200064
zinb,"{'mu': 3.3510988467365106, 'alpha': 0.9457981632747916, 'pi': 1.3344606570167754e-13}",-6713.28858769718,5223,3,True,13432.57717539436,13452.25965707967,2893,3042.5601068069013,0.9508439927045973,811,2024,Repair and Maintenance,Industrial equipment and machinery repair and maintenance services,False,1.3344606570167754e-13,0.9457981632747916,1.2454528049013978,28.316164944307182,22.735638663200064
poisson,{'mu': 1.0982355384030944},-12635.935210955955,4936,1,True,25273.87042191191,25280.374732477496,3220,3289.8485796467257,0.9787684515090277,541,2024,"Professional, Scientific, and Technical Services",Other Services Related to Advertising,False,,,1.274513776337115,20.639593564234847,16.19409216866368
nb2,"{'mu': 3.2082022987086263, 'alpha': 3.783772687624793}",-6351.5957859227465,4936,2,True,12707.191571845493,12720.200192976663,3220,3376.9873539386044,0.9535126023627216,541,2024,"Professional, Scientific, and Technical Services",Other Services Related to Advertising,True,,3.783772687624793,1.274513776337115,20.639593564234847,16.19409216866368
zip,"{'mu': 1.4382352974531163, 'pi': 0.2388832209798314}",-11803.77188308342,4936,2,True,23611.54376616684,23624.552387298012,3220,3507.8264392633946,0.917947354509411,541,2024,"Professional, Scientific, and Technical Services",Other Services Related to Advertising,False,0.2388832209798314,,1.274513776337115,20.639593564234847,16.19409216866368
zinb,"{'mu': 3.208202145876968, 'alpha': 3.7837727677150412, 'pi': 5.0052330711448286e-15}",-6351.595785922747,4936,3,True,12709.191571845495,12728.70450354225,3220,3376.987392959356,0.9535125913449789,541,2024,"Professional, Scientific, and Technical Services",Other Services Related to Advertising,False,5.0052330711448286e-15,3.7837727677150412,1.274513776337115,20.639593564234847,16.19409216866368
