naics3,year,model,n,n_params,loglik,aic,bic,delta_aic_vs_poisson,delta_aic_vs_nb2,is_best_by_aic,converged,dispersion_alpha,zero_inflation_pi,observed_zeros,expected_zeros,p_boundary_nb2_vs_poisson,p_boundary_zinb_vs_nb2,lr_zinb_vs_nb2,coef_size_band,is_best_by_aic_converged,p_boundary_zinb_vs_nb2_converged_only
238,2024,poisson,20000,10,-42162.71616179349,84345.43232358698,84424.46719911235,0.0,18336.65217326513,False,True,,,8971,6513.305654047725,0.0,0.5,0.0,size_band[020-049]=-0.0613;size_band[050-099]=-0.1150;size_band[100-249]=-0.2490;size_band[250-499]=-0.6425;size_band[500-999]=-0.8208;size_band[1000+]=-1.2324,False,
238,2024,nb2,20000,11,-32993.390075160925,66008.78015032185,66095.71851339974,-18336.65217326513,0.0,True,True,1.0165891381445715,,8971,9038.222046441377,0.0,0.5,0.0,size_band[020-049]=-0.0657;size_band[050-099]=-0.1120;size_band[100-249]=-0.2246;size_band[250-499]=-0.6276;size_band[500-999]=-0.8021;size_band[1000+]=-1.2752,True,
238,2024,zip,20000,11,-39360.025648283954,78742.05129656791,78828.9896596458,-5603.381027019073,12733.271146246056,False,True,,0.2510265613129926,8971,8706.587573566532,0.0,0.5,0.0,size_band[020-049]=-0.0346;size_band[050-099]=-0.1454;size_band[100-249]=-0.3924;size_band[250-499]=-0.8581;size_band[500-999]=-1.0560;size_band[1000+]=-1.5095,False,
238,2024,zinb,20000,12,-32993.61009585936,66011.22019171872,66106.06204234915,-18334.212131868266,2.4400413968687644,False,False,1.0151761195576567,0.0005140114412297,8971,9038.777784079582,0.0,0.5,0.0,size_band[020-049]=-0.0657;size_band[050-099]=-0.1120;size_band[100-249]=-0.2247;size_band[250-499]=-0.6278;size_band[500-999]=-0.8021;size_band[1000+]=-1.2754,False,
445,2024,poisson,20000,10,-49619.17541521014,99258.35083042028,99337.38570594563,0.0,14255.19335822371,False,True,,,4549,3583.060197370991,0.0,0.5,0.0,size_band[020-049]=0.3615;size_band[050-099]=0.1663;size_band[100-249]=0.2302;size_band[250-499]=0.1968;size_band[500-999]=0.2325;size_band[1000+]=-1.2091,False,0.5
445,2024,nb2,20000,11,-42490.57873609829,85003.15747219657,85090.09583527446,-14255.19335822371,0.0,True,True,0.5079495521024525,,4549,5046.2849584910655,0.0,0.5,0.0,size_band[020-049]=0.5055;size_band[050-099]=0.1803;size_band[100-249]=0.2428;size_band[250-499]=0.1826;size_band[500-999]=0.2735;size_band[1000+]=-0.9061,True,0.5
445,2024,zip,20000,11,-48628.89873135818,97279.79746271636,97366.73582579424,-1978.55336770392,12276.63999051979,False,True,,0.0734260470007459,4549,4492.302627389574,0.0,0.5,0.0,size_band[020-049]=0.4359;size_band[050-099]=0.2056;size_band[100-249]=0.2189;size_band[250-499]=0.1634;size_band[500-999]=0.2137;size_band[1000+]=-1.2698,False,0.5
445,2024,zinb,20000,12,-42490.58211014029,85005.16422028058,85100.00607091101,-14253.186610139704,2.006748084007995,False,True,0.5079452471242666,1.5219389288287605e-06,4549,5046.286279101581,0.0,0.5,0.0,size_band[020-049]=0.5055;size_band[050-099]=0.1803;size_band[100-249]=0.2428;size_band[250-499]=0.1826;size_band[500-999]=0.2735;size_band[1000+]=-0.9061,False,0.5
423,2024,poisson,20000,15,-29339.652090358824,58709.30418071765,58827.85649400569,0.0,9465.891471566703,False,True,,,11470,9830.559839922187,0.0,0.0001649721807811,12.892256666833418,size_band[020-049]=0.0366;size_band[050-099]=-0.0473;size_band[100-249]=-0.1594;size_band[250-499]=-0.2203;size_band[500-999]=-0.4471;size_band[1000+]=-1.2838,False,0.0001649721807811
423,2024,nb2,20000,16,-24605.70635457547,49243.41270915094,49369.86850999152,-9465.891471566703,0.0,False,True,0.8847520686299081,,11470,11555.504803748045,0.0,0.0001649721807811,12.892256666833418,size_band[020-049]=0.0381;size_band[050-099]=-0.0405;size_band[100-249]=-0.1084;size_band[250-499]=-0.1691;size_band[500-999]=-0.3214;size_band[1000+]=-1.2576,False,0.0001649721807811
423,2024,zip,20000,16,-27375.3618299154,54782.7236598308,54909.17946067138,-3926.580520886848,5539.310950679857,False,True,,0.248571348697094,11470,11303.1941392068,0.0,0.0001649721807811,12.892256666833418,size_band[020-049]=0.0578;size_band[050-099]=-0.0600;size_band[100-249]=-0.2543;size_band[250-499]=-0.3445;size_band[500-999]=-0.5358;size_band[1000+]=-1.4249,False,0.0001649721807811
423,2024,zinb,20000,17,-24599.260226242055,49232.52045248411,49366.87974087722,-9476.78372823354,-10.892256666833418,True,True,0.7775380986048311,0.0390218768638869,11470,11574.727486283386,0.0,0.0001649721807811,12.892256666833418,size_band[020-049]=0.0372;size_band[050-099]=-0.0420;size_band[100-249]=-0.1103;size_band[250-499]=-0.1526;size_band[500-999]=-0.2720;size_band[1000+]=-1.2197,True,0.0001649721807811
623,2024,poisson,20000,11,-68500.51832854559,137023.03665709117,137109.97502016908,0.0,44788.45492410113,False,True,,,5009,3158.0678003654657,0.0,0.27864903818218,0.3444040650501847,size_band[020-049]=0.1835;size_band[050-099]=0.3203;size_band[100-249]=0.2549;size_band[250-499]=0.1227;size_band[500-999]=0.0337;size_band[1000+]=-1.3178,False,0.27864903818218
623,2024,nb2,20000,12,-46105.29086649502,92234.58173299005,92329.42358362048,-44788.45492410113,0.0,True,True,0.7752918287566529,,5009,5259.951274146844,0.0,0.27864903818218,0.3444040650501847,size_band[020-049]=0.1293;size_band[050-099]=0.2632;size_band[100-249]=0.2026;size_band[250-499]=0.1095;size_band[500-999]=-0.0045;size_band[1000+]=-0.6993,True,0.27864903818218
623,2024,zip,20000,12,-65171.73530940685,130367.4706188137,130462.31246944414,-6655.566038277466,38132.88888582366,False,True,,0.1089153818534387,5009,4626.321107541258,0.0,0.27864903818218,0.3444040650501847,size_band[020-049]=0.2678;size_band[050-099]=0.3349;size_band[100-249]=0.1900;size_band[250-499]=0.0321;size_band[500-999]=-0.0799;size_band[1000+]=-1.1600,False,0.27864903818218
623,2024,zinb,20000,13,-46105.1186644625,92236.237328925,92338.98266710796,-44786.79932816618,1.6555959349498153,False,True,0.7701218015173138,0.0012842288376063,5009,5261.026680535377,0.0,0.27864903818218,0.3444040650501847,size_band[020-049]=0.1290;size_band[050-099]=0.2623;size_band[100-249]=0.2012;size_band[250-499]=0.1085;size_band[500-999]=-0.0055;size_band[1000+]=-0.6499,False,0.27864903818218
561,2024,poisson,16859,14,-28340.67134841094,56709.34269682188,56817.5996556713,0.0,16794.617451642363,False,True,,,10444,9025.99558820282,0.0,0.5,0.0,size_band[020-049]=0.0938;size_band[050-099]=-0.0006;size_band[100-249]=-0.1233;size_band[250-499]=-0.1591;size_band[500-999]=-0.4912;size_band[1000+]=-0.6575,False,
561,2024,nb2,16859,15,-19942.362622589757,39914.725245179514,40030.71484394675,-16794.617451642363,0.0,True,True,1.1478066577852368,,10444,10576.343174607278,0.0,0.5,0.0,size_band[020-049]=0.0760;size_band[050-099]=0.0064;size_band[100-249]=-0.0540;size_band[250-499]=0.0308;size_band[500-999]=-0.3183;size_band[1000+]=-0.6285,True,
561,2024,zip,16859,15,-26197.96706746331,52425.93413492662,52541.92373369385,-4283.4085618952595,12511.208889747104,False,True,,0.2456886767117921,10444,10239.821223195277,0.0,0.5,0.0,size_band[020-049]=0.1640;size_band[050-099]=0.0065;size_band[100-249]=-0.2083;size_band[250-499]=-0.3202;size_band[500-999]=-0.6729;size_band[1000+]=-0.9030,False,
561,2024,zinb,16859,16,-19942.866620082805,39917.73324016561,40041.455478850665,-16791.609456656268,3.007994986095582,False,False,1.139966125229804,0.0024214887261232,10444,10577.283933977062,0.0,0.5,0.0,size_band[020-049]=0.0760;size_band[050-099]=0.0060;size_band[100-249]=-0.0546;size_band[250-499]=0.0305;size_band[500-999]=-0.3182;size_band[1000+]=-0.6268,False,
722,2024,poisson,15085,9,-14043.206376108992,28104.412752217984,28173.005857582324,0.0,3337.1588131933822,False,True,,,11006,10426.648243025364,0.0,0.5,0.0,size_band[020-049]=0.3390;size_band[050-099]=0.5088;size_band[100-249]=0.4333;size_band[250-499]=0.4776;size_band[500-999]=0.5654;size_band[1000+]=0.7845,False,
722,2024,nb2,15085,10,-12373.6269695123,24767.2539390246,24843.468500540537,-3337.1588131933822,0.0,True,True,1.0459586248495325,,11006,11127.424901888531,0.0,0.5,0.0,size_band[020-049]=0.4023;size_band[050-099]=0.5863;size_band[100-249]=0.5785;size_band[250-499]=0.6491;size_band[500-999]=0.5947;size_band[1000+]=0.7570,True,
722,2024,zip,15085,10,-13374.554228637511,26769.108457275022,26845.32301879096,-1335.3042949429582,2001.854518250424,False,True,,0.2727857624329893,11006,11010.331894908,0.0,0.5,0.0,size_band[020-049]=0.3798;size_band[050-099]=0.5004;size_band[100-249]=0.3030;size_band[250-499]=0.2407;size_band[500-999]=0.2610;size_band[1000+]=0.4574,False,
722,2024,zinb,15085,11,-12375.325876689058,24772.651753378115,24856.48777104564,-3331.760998839869,5.39781435351324,False,False,0.9882505936145854,0.0203782731729289,11006,11131.023482853196,0.0,0.5,0.0,size_band[020-049]=0.4013;size_band[050-099]=0.5843;size_band[100-249]=0.5749;size_band[250-499]=0.6430;size_band[500-999]=0.5839;size_band[1000+]=0.7473,False,
455,2024,poisson,14654,8,-13341.481503250492,26698.963006500984,26759.702755418744,0.0,2006.652615370578,False,True,,,10534,10295.013270944986,0.0,0.5,0.0,size_band[020-049]=-0.8260;size_band[050-099]=-0.5753;size_band[100-249]=-0.6784;size_band[250-499]=-0.3290;size_band[500-999]=-0.4520;size_band[1000+]=-1.5195,False,
455,2024,nb2,14654,9,-12337.155195565205,24692.31039113041,24760.642608662885,-2006.652615370578,0.0,True,True,0.3297572531054981,,10534,10463.631856227956,0.0,0.5,0.0,size_band[020-049]=-0.9356;size_band[050-099]=-0.6927;size_band[100-249]=-0.7650;size_band[250-499]=-0.4543;size_band[500-999]=-0.3361;size_band[1000+]=-1.6245,True,
455,2024,zip,14654,9,-13299.711451209268,26617.422902418533,26685.755119951013,-81.54010408245085,1925.1125112881273,False,True,,0.0240375770881665,10534,10336.73137151144,0.0,0.5,0.0,size_band[020-049]=-0.9055;size_band[050-099]=-0.6544;size_band[100-249]=-0.7428;size_band[250-499]=-0.4317;size_band[500-999]=-0.5558;size_band[1000+]=-1.6234,False,
455,2024,zinb,14654,10,-12337.187415262342,24694.374830524685,24770.299516671883,-2004.5881759762997,2.064439394278452,False,False,0.3296670766815652,7.155479065625504e-05,10534,10463.7040366348,0.0,0.5,0.0,size_band[020-049]=-0.9357;size_band[050-099]=-0.6928;size_band[100-249]=-0.7651;size_band[250-499]=-0.4545;size_band[500-999]=-0.3363;size_band[1000+]=-1.6247,False,
444,2024,poisson,12998,8,-23571.247522126818,47158.495044253636,47218.27545048127,0.0,1714.1885473992445,False,True,,,3728,3194.232622979098,0.0,0.185499084492205,0.8003184710178175,size_band[020-049]=-0.0620;size_band[050-099]=-0.2814;size_band[100-249]=-0.3119;size_band[250-499]=-0.4348;size_band[500-999]=-1.1743;size_band[1000+]=-14.2375,False,0.185499084492205
444,2024,nb2,12998,9,-22713.153248427196,45444.30649685439,45511.55945386048,-1714.1885473992445,0.0,True,True,0.237300678949498,,3728,3674.9824757845463,0.0,0.185499084492205,0.8003184710178175,size_band[020-049]=-0.0517;size_band[050-099]=-0.2715;size_band[100-249]=-0.3080;size_band[250-499]=-0.3426;size_band[500-999]=-1.0651;size_band[1000+]=-21.2281,True,0.185499084492205
444,2024,zip,12998,9,-23390.862086620487,46799.724173240975,46866.97713024706,-358.7708710126608,1355.4176763865837,False,True,,0.0473622151150678,3728,3519.339589203548,0.0,0.185499084492205,0.8003184710178175,size_band[020-049]=-0.0432;size_band[050-099]=-0.3089;size_band[100-249]=-0.3186;size_band[250-499]=-0.4398;size_band[500-999]=-1.2258;size_band[1000+]=-30.6395,False,0.185499084492205
444,2024,zinb,12998,10,-22712.753089191687,45445.50617838337,45520.231686167914,-1712.988865870262,1.1996815289821825,False,True,0.2347634583016152,0.0011465929537628,3728,3677.337500696475,0.0,0.185499084492205,0.8003184710178175,size_band[020-049]=-0.0517;size_band[050-099]=-0.2719;size_band[100-249]=-0.3077;size_band[250-499]=-0.3221;size_band[500-999]=-1.0666;size_band[1000+]=-34.1448,False,0.185499084492205
621,2024,poisson,12670,13,-29143.343399295256,58312.68679859051,58409.49769814361,0.0,19713.763286263464,False,True,,,6478,5446.370328989952,0.0,1.2616878493807518e-07,26.58390202773444,size_band[020-049]=0.1294;size_band[050-099]=0.2115;size_band[100-249]=0.1211;size_band[250-499]=0.0483;size_band[500-999]=-0.0135;size_band[1000+]=-0.7322,False,1.2616878493807518e-07
621,2024,nb2,12670,14,-19285.461756163524,38598.92351232705,38703.18140415346,-19713.763286263464,0.0,False,True,1.0499114566668246,,6478,6623.009933476285,0.0,1.2616878493807518e-07,26.58390202773444,size_band[020-049]=0.1188;size_band[050-099]=0.1729;size_band[100-249]=0.0875;size_band[250-499]=-0.0042;size_band[500-999]=-0.0438;size_band[1000+]=-0.3838,False,1.2616878493807518e-07
621,2024,zip,12670,14,-26188.690951620563,52405.38190324113,52509.63979506754,-5907.304895349385,13806.458390914078,False,True,,0.1984557470378113,6478,6351.465066272349,0.0,1.2616878493807518e-07,26.58390202773444,size_band[020-049]=0.1250;size_band[050-099]=0.1921;size_band[100-249]=-0.0057;size_band[250-499]=-0.1244;size_band[500-999]=-0.1836;size_band[1000+]=-0.7344,False,1.2616878493807518e-07
621,2024,zinb,12670,15,-19272.169805149657,38574.339610299314,38686.04449439904,-19738.3471882912,-24.58390202773444,True,True,0.9339587622540678,0.0301208328807032,6478,6623.597877866383,0.0,1.2616878493807518e-07,26.58390202773444,size_band[020-049]=0.1161;size_band[050-099]=0.1692;size_band[100-249]=0.0802;size_band[250-499]=-0.0093;size_band[500-999]=-0.0364;size_band[1000+]=-0.2964,True,1.2616878493807518e-07
424,2024,poisson,10330,15,-24546.985179787167,49123.970359574334,49232.61247300604,0.0,12929.322475798092,False,True,,,4537,3909.658611316443,0.0,8.642993790120971e-07,22.87528959952033,size_band[020-049]=-0.0031;size_band[050-099]=0.0354;size_band[100-249]=0.1716;size_band[250-499]=0.2111;size_band[500-999]=0.1715;size_band[1000+]=-0.4323,False,8.642993790120971e-07
424,2024,nb2,10330,16,-18081.32394188812,36194.64788377624,36310.53280477006,-12929.322475798092,0.0,False,True,0.6378823938579541,,4537,4467.818314452459,0.0,8.642993790120971e-07,22.87528959952033,size_band[020-049]=-0.0080;size_band[050-099]=0.0438;size_band[100-249]=0.1827;size_band[250-499]=0.2456;size_band[500-999]=0.2396;size_band[1000+]=-0.3948,False,8.642993790120971e-07
424,2024,zip,10330,16,-23465.260240371827,46962.52048074365,47078.40540173747,-2161.449878830681,10767.872596967412,False,True,,0.1157467481415627,4537,4354.71716970376,0.0,8.642993790120971e-07,22.87528959952033,size_band[020-049]=0.0129;size_band[050-099]=0.0382;size_band[100-249]=0.1003;size_band[250-499]=0.1161;size_band[500-999]=0.0802;size_band[1000+]=-0.5176,False,8.642993790120971e-07
424,2024,zinb,10330,17,-18069.88629708836,36173.77259417672,36296.900322732654,-12950.197765397614,-20.87528959952033,True,True,0.5764615363676528,0.0210178870138886,4537,4490.436193869019,0.0,8.642993790120971e-07,22.87528959952033,size_band[020-049]=-0.0091;size_band[050-099]=0.0431;size_band[100-249]=0.1793;size_band[250-499]=0.2430;size_band[500-999]=0.2517;size_band[1000+]=-0.3520,True,8.642993790120971e-07
332,2024,poisson,9873,16,-24189.522364673467,48411.04472934693,48526.20567394872,0.0,9093.133023058406,False,True,,,3051,1999.938904905725,0.0,0.5,0.0,size_band[020-049]=-0.1686;size_band[050-099]=-0.1859;size_band[100-249]=-0.3722;size_band[250-499]=-0.6458;size_band[500-999]=-0.7016;size_band[1000+]=-1.2649,False,0.5
332,2024,nb2,9873,17,-19641.955853144264,39317.91170628853,39440.27020992792,-9093.133023058406,0.0,True,True,0.7015776875509837,,3051,3063.2695499248152,0.0,0.5,0.0,size_band[020-049]=-0.1957;size_band[050-099]=-0.2131;size_band[100-249]=-0.3756;size_band[250-499]=-0.6650;size_band[500-999]=-0.7547;size_band[1000+]=-1.2016,True,0.5
332,2024,zip,9873,17,-23260.01405622748,46554.02811245496,46676.38661609435,-1857.016616891975,7236.116406166431,False,True,,0.1470131477753455,3051,2816.505178899342,0.0,0.5,0.0,size_band[020-049]=-0.1711;size_band[050-099]=-0.2418;size_band[100-249]=-0.5113;size_band[250-499]=-0.8263;size_band[500-999]=-0.8836;size_band[1000+]=-1.4839,False,0.5
332,2024,zinb,9873,18,-19641.958788752527,39319.91757750505,39449.47364018206,-9091.12715184188,2.0058712165264296,False,True,0.7015651789579758,4.950361929572281e-06,3051,3063.274700056928,0.0,0.5,0.0,size_band[020-049]=-0.1957;size_band[050-099]=-0.2131;size_band[100-249]=-0.3756;size_band[250-499]=-0.6650;size_band[500-999]=-0.7547;size_band[1000+]=-1.2016,False,0.5
493,2024,poisson,9775,7,-33101.45749361125,66216.9149872225,66267.22807091648,0.0,27673.429642863834,False,True,,,3876,2987.7571432716277,0.0,0.5,0.0,size_band[020-049]=-0.0126;size_band[050-099]=0.0539;size_band[100-249]=0.0829;size_band[250-499]=0.3505;size_band[500-999]=0.5191;size_band[1000+]=0.6222,False,0.5
493,2024,nb2,9775,8,-19263.74267217933,38543.48534435866,38600.98601143749,-27673.429642863834,0.0,True,True,0.8028562303122974,,3876,3846.600164190229,0.0,0.5,0.0,size_band[020-049]=-0.0286;size_band[050-099]=0.0420;size_band[100-249]=0.0823;size_band[250-499]=0.3407;size_band[500-999]=0.5305;size_band[1000+]=0.5803,True,0.5
493,2024,zip,9775,8,-32020.301609640886,64056.60321928177,64114.1038863606,-2160.3117679407223,25513.11787492311,False,True,,0.143201892306763,3876,3638.201782918136,0.0,0.5,0.0,size_band[020-049]=0.0198;size_band[050-099]=0.1215;size_band[100-249]=0.0276;size_band[250-499]=0.2215;size_band[500-999]=0.3596;size_band[1000+]=0.4520,False,0.5
493,2024,zinb,9775,9,-19263.746189216057,38545.492378432114,38610.18062889579,-27671.42260879038,2.0070340734528145,False,True,0.8028365690209603,7.0151322295879636e-06,3876,3846.608242447583,0.0,0.5,0.0,size_band[020-049]=-0.0286;size_band[050-099]=0.0420;size_band[100-249]=0.0823;size_band[250-499]=0.3407;size_band[500-999]=0.5305;size_band[1000+]=0.5803,False,0.5
452,2024,poisson,9644,10,-26394.032394694645,52808.06478938929,52879.8057017823,0.0,6558.994667268373,False,True,,,1590,1331.5337111599758,0.0,6.502667805337421e-16,63.91274818385136,size_band[020-049]=0.1109;size_band[050-099]=0.1394;size_band[100-249]=0.5161;size_band[250-499]=0.5868;size_band[500-999]=0.6049;size_band[1000+]=0.7143,False,6.502667805337421e-16
452,2024,nb2,9644,11,-23113.53506106046,46249.07012212092,46327.98512575323,-6558.994667268373,0.0,False,True,0.1589176085090993,,1590,1484.7262379285444,0.0,6.502667805337421e-16,63.91274818385136,size_band[020-049]=0.2628;size_band[050-099]=0.3718;size_band[100-249]=0.6019;size_band[250-499]=0.6427;size_band[500-999]=0.6946;size_band[1000+]=1.3087,False,6.502667805337421e-16
452,2024,zip,9644,11,-26139.657027263875,52301.31405452775,52380.22905816006,-506.75073486154,6052.243932406833,False,True,,0.0121399255023735,1590,1413.9874797142695,0.0,6.502667805337421e-16,63.91274818385136,size_band[020-049]=0.1096;size_band[050-099]=0.1359;size_band[100-249]=0.5247;size_band[250-499]=0.5931;size_band[500-999]=0.6165;size_band[1000+]=0.7300,False,6.502667805337421e-16
452,2024,zinb,9644,12,-23081.578686968533,46187.157373937065,46273.24646880868,-6620.907415452224,-61.91274818385136,True,True,0.1500769849263848,0.0043536513962789,1590,1505.5376651806678,0.0,6.502667805337421e-16,63.91274818385136,size_band[020-049]=0.2637;size_band[050-099]=0.3720;size_band[100-249]=0.6048;size_band[250-499]=0.6458;size_band[500-999]=0.7097;size_band[1000+]=1.3324,True,6.502667805337421e-16
491,2024,poisson,9260,7,-20263.925185067234,40541.85037013447,40591.78458542795,0.0,2699.203333227626,False,True,,,1197,1521.308918059303,0.0,0.5,0.0,size_band[020-049]=-0.9331;size_band[050-099]=-0.7865;size_band[100-249]=-0.8135;size_band[250-499]=-1.1294;size_band[500-999]=-1.1744;size_band[1000+]=-1.1824,False,0.5
491,2024,nb2,9260,8,-18913.32351845342,37842.64703690684,37899.714711527966,-2699.203333227626,0.0,True,True,0.251508448682431,,1197,1884.1137645163635,0.0,0.5,0.0,size_band[020-049]=-1.0203;size_band[050-099]=-0.8629;size_band[100-249]=-0.8918;size_band[250-499]=-1.1985;size_band[500-999]=-1.2392;size_band[1000+]=-1.2524,True,0.5
491,2024,zip,9260,8,-20183.258507389837,40382.517014779674,40439.5846894008,-159.33335535479273,2539.8699778728333,False,True,,0.0240225211492388,1197,1664.0074784051233,0.0,0.5,0.0,size_band[020-049]=-0.8952;size_band[050-099]=-0.7499;size_band[100-249]=-0.8108;size_band[250-499]=-1.1296;size_band[500-999]=-1.1747;size_band[1000+]=-1.1826,False,0.5
491,2024,zinb,9260,9,-18913.32405551534,37844.64811103068,37908.84924497944,-2697.2022591037894,2.001074123836588,False,True,0.2515078699612572,2.573902709211105e-07,1197,1884.115035817224,0.0,0.5,0.0,size_band[020-049]=-1.0203;size_band[050-099]=-0.8629;size_band[100-249]=-0.8918;size_band[250-499]=-1.1985;size_band[500-999]=-1.2392;size_band[1000+]=-1.2524,False,0.5
484,2024,poisson,8927,9,-19879.311127726836,39776.62225545367,39840.49377649429,0.0,6450.456273641721,False,True,,,3150,2408.1481639234853,0.0,0.0053326183004046,6.520260737073841,size_band[020-049]=-0.1800;size_band[050-099]=-0.1485;size_band[100-249]=-0.2687;size_band[250-499]=-0.3119;size_band[500-999]=-0.6438;size_band[1000+]=-0.8929,False,0.0053326183004046
484,2024,nb2,8927,10,-16653.082990905976,33326.16598181195,33397.13433852375,-6450.456273641721,0.0,False,True,0.6108494220639146,,3150,3132.1453707574747,0.0,0.0053326183004046,6.520260737073841,size_band[020-049]=-0.1793;size_band[050-099]=-0.1256;size_band[100-249]=-0.2250;size_band[250-499]=-0.2986;size_band[500-999]=-0.6232;size_band[1000+]=-1.0019,False,0.0053326183004046
484,2024,zip,8927,10,-19078.369303367297,38176.738606734594,38247.70696344639,-1599.8836487190783,4850.572624922643,False,True,,0.1354552716449576,3150,3004.9039444852815,0.0,0.0053326183004046,6.520260737073841,size_band[020-049]=-0.1639;size_band[050-099]=-0.1881;size_band[100-249]=-0.3665;size_band[250-499]=-0.4402;size_band[500-999]=-0.7594;size_band[1000+]=-1.0569,False,0.0053326183004046
484,2024,zinb,8927,11,-16649.82286053744,33321.64572107488,33399.71091345785,-6454.976534378795,-4.520260737073841,True,True,0.5692651131475562,0.0157454675284905,3150,3147.517230356457,0.0,0.0053326183004046,6.520260737073841,size_band[020-049]=-0.1796;size_band[050-099]=-0.1279;size_band[100-249]=-0.2273;size_band[250-499]=-0.2984;size_band[500-999]=-0.6110;size_band[1000+]=-1.0172,True,0.0053326183004046
236,2024,poisson,8369,8,-15705.68020626611,31427.36041253222,31483.618729988484,0.0,7788.643510736303,False,True,,,4679,3405.7000191320635,0.0,0.5,0.0,size_band[020-049]=0.0160;size_band[050-099]=-0.1028;size_band[100-249]=-0.3883;size_band[250-499]=-0.5488;size_band[500-999]=-0.8487;size_band[1000+]=-1.2582,False,
236,2024,nb2,8369,9,-11810.358450897958,23638.716901795917,23702.007508934217,-7788.643510736303,0.0,True,True,1.5512123195234748,,4679,4707.490831945856,0.0,0.5,0.0,size_band[020-049]=0.0402;size_band[050-099]=-0.0449;size_band[100-249]=-0.3312;size_band[250-499]=-0.4150;size_band[500-999]=-0.8233;size_band[1000+]=-1.0108,True,
236,2024,zip,8369,9,-14069.741104391016,28157.482208782032,28220.77281592033,-3269.878203750188,4518.765306986115,False,True,,0.3722980005672795,4679,4601.0204855044485,0.0,0.5,0.0,size_band[020-049]=0.0736;size_band[050-099]=-0.1464;size_band[100-249]=-0.5458;size_band[250-499]=-0.8179;size_band[500-999]=-1.2247;size_band[1000+]=-1.7017,False,
236,2024,zinb,8369,10,-11810.715919665385,23641.43183933077,23711.7547361511,-7785.928573201451,2.714937534852652,False,False,1.5432728025884497,0.0024540971503477,4679,4708.046960385151,0.0,0.5,0.0,size_band[020-049]=0.0402;size_band[050-099]=-0.0450;size_band[100-249]=-0.3315;size_band[250-499]=-0.4154;size_band[500-999]=-0.8244;size_band[1000+]=-1.0120,False,
237,2024,poisson,7972,10,-19363.773548749912,38747.547097499824,38817.38400431315,0.0,11870.839322855656,False,True,,,3621,2493.35057310856,0.0,0.5,0.0,size_band[020-049]=-0.0005;size_band[050-099]=-0.1638;size_band[100-249]=-0.4453;size_band[250-499]=-0.7785;size_band[500-999]=-1.5159;size_band[1000+]=-2.8190,False,
237,2024,nb2,7972,11,-13427.353887322084,26876.70777464417,26953.52837213883,-11870.839322855656,0.0,True,True,1.335138454820016,,3621,3768.547191256037,0.0,0.5,0.0,size_band[020-049]=0.0174;size_band[050-099]=-0.1273;size_band[100-249]=-0.3835;size_band[250-499]=-0.7707;size_band[500-999]=-1.4452;size_band[1000+]=-2.5247,True,
237,2024,zip,7972,11,-17004.055149316555,34030.11029863311,34106.93089612777,-4717.4367988667145,7153.4025239889415,False,True,,0.275036864904692,3621,3554.5905552954964,0.0,0.5,0.0,size_band[020-049]=0.0856;size_band[050-099]=-0.1944;size_band[100-249]=-0.5965;size_band[250-499]=-0.9811;size_band[500-999]=-1.3897;size_band[1000+]=-2.4857,False,
237,2024,zinb,7972,12,-13427.693383933623,26879.38676786725,26963.191056043244,-11868.160329632574,2.678993223082216,False,False,1.281769650818784,0.0154299834306207,3621,3772.388139592539,0.0,0.5,0.0,size_band[020-049]=0.0178;size_band[050-099]=-0.1295;size_band[100-249]=-0.3891;size_band[250-499]=-0.7772;size_band[500-999]=-1.4308;size_band[1000+]=-2.4973,False,
221,2024,poisson,6838,9,-12157.251288640851,24332.502577281703,24393.974832413496,0.0,4840.247794708121,False,True,,,3582,2916.858121736477,0.0,0.0002814008305024,11.895154286448816,size_band[020-049]=-0.0058;size_band[050-099]=0.0431;size_band[100-249]=0.0018;size_band[250-499]=-0.3131;size_band[500-999]=-0.7420;size_band[1000+]=-0.6884,False,0.0002814008305024
221,2024,nb2,6838,10,-9736.127391286793,19492.254782573586,19560.557288275573,-4840.247794708121,0.0,False,True,0.9741881910983704,,3582,3575.985618769605,0.0,0.0002814008305024,11.895154286448816,size_band[020-049]=-0.0533;size_band[050-099]=-0.0027;size_band[100-249]=-0.0605;size_band[250-499]=-0.3988;size_band[500-999]=-0.8977;size_band[1000+]=-0.9890,False,0.0002814008305024
221,2024,zip,6838,10,-11136.01283120303,22292.02566240606,22360.32816810805,-2040.4769148756425,2799.7708798324784,False,True,,0.2492272184930422,3582,3519.5360219709555,0.0,0.0002814008305024,11.895154286448816,size_band[020-049]=0.0066;size_band[050-099]=0.0107;size_band[100-249]=-0.1457;size_band[250-499]=-0.4178;size_band[500-999]=-0.7961;size_band[1000+]=-0.9338,False,0.0002814008305024
221,2024,zinb,6838,11,-9730.179814143568,19482.359628287133,19557.49238455933,-4850.142948994569,-9.895154286448816,True,True,0.7908088323052495,0.0648559814780724,3582,3595.4075887990407,0.0,0.0002814008305024,11.895154286448816,size_band[020-049]=-0.0529;size_band[050-099]=-0.0062;size_band[100-249]=-0.0742;size_band[250-499]=-0.3743;size_band[500-999]=-0.8400;size_band[1000+]=-0.9892,True,0.0002814008305024
721,2024,poisson,6813,9,-17486.325898066094,34990.65179613219,35052.09108660915,0.0,9404.516888951632,False,True,,,2701,2095.1245388638085,0.0,0.5,0.0,size_band[020-049]=-0.0076;size_band[050-099]=0.1638;size_band[100-249]=0.3283;size_band[250-499]=0.3863;size_band[500-999]=0.1754;size_band[1000+]=0.1034,False,
721,2024,nb2,6813,10,-12783.067453590278,25586.134907180556,25654.40078548829,-9404.516888951632,0.0,True,True,0.6354153014970618,,2701,2599.3586633752775,0.0,0.5,0.0,size_band[020-049]=-0.0279;size_band[050-099]=0.1727;size_band[100-249]=0.3351;size_band[250-499]=0.4009;size_band[500-999]=0.2130;size_band[1000+]=0.1686,True,
721,2024,zip,6813,10,-17030.45871429586,34080.91742859172,34149.18330689945,-909.73436754047,8494.782521411162,False,True,,0.120785038455214,2701,2446.3684571176195,0.0,0.5,0.0,size_band[020-049]=0.0124;size_band[050-099]=0.1823;size_band[100-249]=0.2438;size_band[250-499]=0.2651;size_band[500-999]=0.0409;size_band[1000+]=-0.0420,False,
721,2024,zinb,6813,11,-12783.09663369831,25588.19326739662,25663.28573353513,-9402.45852873557,2.058360216062283,False,False,0.6337823545448084,0.0005774705467849,2701,2599.7378530377127,0.0,0.5,0.0,size_band[020-049]=-0.0279;size_band[050-099]=0.1727;size_band[100-249]=0.3349;size_band[250-499]=0.4009;size_band[500-999]=0.2130;size_band[1000+]=0.1680,False,
622,2024,poisson,6561,10,-57392.31113061831,114804.62226123664,114872.51124433007,0.0,70071.83594129258,False,True,,,1137,734.522804521815,0.0,2.8806211622814676e-108,487.2117082298719,size_band[020-049]=-0.1733;size_band[050-099]=0.1774;size_band[100-249]=0.1962;size_band[250-499]=0.2224;size_band[500-999]=0.2867;size_band[1000+]=0.2220,False,2.8806211622814676e-108
622,2024,nb2,6561,11,-22355.393159972024,44732.78631994405,44807.46420134684,-70071.83594129258,0.0,False,True,0.5474152193223043,,1137,964.6716243253322,0.0,2.8806211622814676e-108,487.2117082298719,size_band[020-049]=-0.2688;size_band[050-099]=0.1688;size_band[100-249]=0.1136;size_band[250-499]=0.1563;size_band[500-999]=0.2294;size_band[1000+]=0.2407,False,2.8806211622814676e-108
622,2024,zip,6561,11,-49416.72054823446,98855.44109646892,98930.11897787172,-15949.18116476771,54122.65477652487,False,True,,0.0454954768351861,1137,961.1636730906636,0.0,2.8806211622814676e-108,487.2117082298719,size_band[020-049]=-0.1617;size_band[050-099]=0.2192;size_band[100-249]=0.1777;size_band[250-499]=0.1691;size_band[500-999]=0.2176;size_band[1000+]=0.1859,False,2.8806211622814676e-108
622,2024,zinb,6561,12,-22111.787305857088,44247.574611714175,44329.04139142631,-70557.04764952246,-485.2117082298719,True,True,0.4144502170986428,0.0263225391325271,1137,1028.7983872957384,0.0,2.8806211622814676e-108,487.2117082298719,size_band[020-049]=-0.2536;size_band[050-099]=0.1761;size_band[100-249]=0.1140;size_band[250-499]=0.1490;size_band[500-999]=0.2162;size_band[1000+]=0.2588,True,2.8806211622814676e-108
311,2024,poisson,6432,15,-22880.21747847053,45790.43495694106,45891.97056910394,0.0,13794.85456402356,False,True,,,1329,932.7421604602392,0.0,0.3637194677244274,0.1214761801384156,size_band[020-049]=-0.0916;size_band[050-099]=0.0162;size_band[100-249]=-0.1315;size_band[250-499]=-0.3578;size_band[500-999]=-0.6249;size_band[1000+]=-0.5772,False,0.3637194677244274
311,2024,nb2,6432,16,-15981.79019645875,31995.5803929175,32103.88504589124,-13794.85456402356,0.0,True,True,0.5023440261538138,,1329,1299.8554830585929,0.0,0.3637194677244274,0.1214761801384156,size_band[020-049]=-0.0845;size_band[050-099]=0.0336;size_band[100-249]=-0.0936;size_band[250-499]=-0.3372;size_band[500-999]=-0.5810;size_band[1000+]=-0.5899,True,0.3637194677244274
311,2024,zip,6432,16,-22375.550308298752,44783.100616597505,44891.405269571245,-1007.3343403435574,12787.520223680003,False,True,,0.0528278259494752,1329,1162.1486544650547,0.0,0.3637194677244274,0.1214761801384156,size_band[020-049]=-0.0773;size_band[050-099]=0.0352;size_band[100-249]=-0.1491;size_band[250-499]=-0.4023;size_band[500-999]=-0.6723;size_band[1000+]=-0.6304,False,0.3637194677244274
311,2024,zinb,6432,17,-15981.729458368682,31997.458916737363,32112.532610521965,-13792.9760402037,1.8785238198615843,False,True,0.4995050235567784,0.0009899793873456,1329,1301.6753128835585,0.0,0.3637194677244274,0.1214761801384156,size_band[020-049]=-0.0845;size_band[050-099]=0.0334;size_band[100-249]=-0.0938;size_band[250-499]=-0.3375;size_band[500-999]=-0.5808;size_band[1000+]=-0.5894,False,0.3637194677244274
492,2024,poisson,6146,8,-32703.895346864178,65423.790693728355,65477.57914766988,0.0,28534.384767036652,False,True,,,831,382.9200132757778,0.0,3.6596818282733935e-08,28.978300139169733,size_band[020-049]=0.2957;size_band[050-099]=0.6000;size_band[100-249]=0.4820;size_band[250-499]=0.3365;size_band[500-999]=0.3533;size_band[1000+]=0.1091,False,3.6596818282733935e-08
492,2024,nb2,6146,9,-18435.70296334585,36889.4059266917,36949.91793737592,-28534.384767036652,0.0,False,True,0.6320525173130586,,831,783.6996143734177,0.0,3.6596818282733935e-08,28.978300139169733,size_band[020-049]=0.3371;size_band[050-099]=0.6660;size_band[100-249]=0.6243;size_band[250-499]=0.5482;size_band[500-999]=0.6099;size_band[1000+]=0.4084,False,3.6596818282733935e-08
492,2024,zip,6146,9,-31122.312737842447,62262.625475684894,62323.13748636911,-3161.165218043461,25373.21954899319,False,True,,0.0701845564995396,831,741.049147528297,0.0,3.6596818282733935e-08,28.978300139169733,size_band[020-049]=0.3594;size_band[050-099]=0.6008;size_band[100-249]=0.4137;size_band[250-499]=0.2734;size_band[500-999]=0.2887;size_band[1000+]=0.0114,False,3.6596818282733935e-08
492,2024,zinb,6146,10,-18421.213813276267,36862.42762655253,36929.66319397944,-28561.363067175826,-26.978300139169733,True,True,0.5838127821098082,0.0146492522324846,831,815.9350710272461,0.0,3.6596818282733935e-08,28.978300139169733,size_band[020-049]=0.3374;size_band[050-099]=0.6656;size_band[100-249]=0.6157;size_band[250-499]=0.5478;size_band[500-999]=0.6126;size_band[1000+]=0.3908,True,3.6596818282733935e-08
333,2024,poisson,5892,13,-15470.751710378849,30967.503420757697,31054.36098086627,0.0,8038.988184984246,False,True,,,2080,1447.7749819531743,0.0,0.5,0.0,size_band[020-049]=0.1107;size_band[050-099]=0.0871;size_band[100-249]=-0.0045;size_band[250-499]=-0.3328;size_band[500-999]=-0.5382;size_band[1000+]=-0.4901,False,
333,2024,nb2,5892,14,-11450.257617886726,22928.51523577345,23022.054146659608,-8038.988184984246,0.0,True,True,0.794811973377527,,2080,2082.5968456630408,0.0,0.5,0.0,size_band[020-049]=0.1031;size_band[050-099]=0.0851;size_band[100-249]=0.0100;size_band[250-499]=-0.2940;size_band[500-999]=-0.5177;size_band[1000+]=-0.4696,True,
333,2024,zip,5892,14,-14707.268980202349,29442.537960404698,29536.076871290858,-1524.9654603529998,6514.022724631246,False,True,,0.1655673896654723,2080,1967.6608084109637,0.0,0.5,0.0,size_band[020-049]=0.1467;size_band[050-099]=0.1020;size_band[100-249]=-0.0615;size_band[250-499]=-0.4517;size_band[500-999]=-0.7126;size_band[1000+]=-0.6844,False,
333,2024,zinb,5892,15,-11450.266275388462,22930.532550776923,23030.75281244066,-8036.970869980774,2.0173150034715945,False,False,0.7946815313587341,4.965340120763031e-05,2080,2082.6300728414503,0.0,0.5,0.0,size_band[020-049]=0.1031;size_band[050-099]=0.0851;size_band[100-249]=0.0100;size_band[250-499]=-0.2940;size_band[500-999]=-0.5177;size_band[1000+]=-0.4697,False,
531,2024,poisson,5783,9,-6840.674635747582,13699.349271495164,13759.313372218588,0.0,2851.7614665588408,False,True,,,4070,3740.713943242056,0.0,0.0298641188064813,3.5449147154395177,size_band[020-049]=-0.2044;size_band[050-099]=-0.3653;size_band[100-249]=-0.5421;size_band[250-499]=-0.7223;size_band[500-999]=-0.6859;size_band[1000+]=-0.6534,False,
531,2024,nb2,5783,10,-5413.793902468162,10847.587804936324,10914.214583517904,-2851.7614665588408,0.0,False,True,1.2962770077809422,,4070,4115.875512402898,0.0,0.0298641188064813,3.5449147154395177,size_band[020-049]=-0.2078;size_band[050-099]=-0.3657;size_band[100-249]=-0.5171;size_band[250-499]=-0.7798;size_band[500-999]=-0.6520;size_band[1000+]=-0.5165,True,
531,2024,zip,5783,10,-6197.315076388267,12414.630152776534,12481.256931358115,-1284.7191187186309,1567.04234784021,False,True,,0.3263299292781962,4070,4071.217011111148,0.0,0.0298641188064813,3.5449147154395177,size_band[020-049]=-0.1631;size_band[050-099]=-0.4399;size_band[100-249]=-0.6667;size_band[250-499]=-0.7818;size_band[500-999]=-1.0394;size_band[1000+]=-1.0483,False,
531,2024,zinb,5783,11,-5412.021445110442,10846.042890220884,10919.332346660623,-2853.3063812742803,-1.5449147154395175,True,False,1.0429992238966197,0.0788644898787443,4070,4120.6425908645215,0.0,0.0298641188064813,3.5449147154395177,size_band[020-049]=-0.2062;size_band[050-099]=-0.3736;size_band[100-249]=-0.5147;size_band[250-499]=-0.7147;size_band[500-999]=-0.6872;size_band[1000+]=-0.5590,False,
441,2024,poisson,5556,9,-9862.62398462008,19743.24796924016,19802.851672575027,0.0,2208.610384109812,False,True,,,2197,1815.145689848344,0.0,0.000288132677065,11.851124563181656,size_band[020-049]=-0.1156;size_band[050-099]=-0.4540;size_band[100-249]=-0.3654;size_band[250-499]=-0.1720;size_band[500-999]=-0.6955;size_band[1000+]=-0.5498,False,0.000288132677065
441,2024,nb2,5556,10,-8757.318792565173,17534.637585130346,17600.863922169086,-2208.610384109812,0.0,False,True,0.5454076696299619,,2197,2257.6193563295283,0.0,0.000288132677065,11.851124563181656,size_band[020-049]=-0.0886;size_band[050-099]=-0.3410;size_band[100-249]=-0.2359;size_band[250-499]=0.1069;size_band[500-999]=-0.4464;size_band[1000+]=-0.8245,False,0.000288132677065
441,2024,zip,5556,10,-9498.828307537862,19017.656615075724,19083.882952114465,-725.5913541644331,1483.0190299453789,False,True,,0.1578297773679005,2197,2169.0061165828283,0.0,0.000288132677065,11.851124563181656,size_band[020-049]=-0.1061;size_band[050-099]=-0.3974;size_band[100-249]=-0.4037;size_band[250-499]=-0.2520;size_band[500-999]=-0.5333;size_band[1000+]=-0.7598,False,0.000288132677065
441,2024,zinb,5556,11,-8751.393230283582,17524.786460567164,17597.63543130978,-2218.4615086729937,-9.851124563181656,True,True,0.4844922751393409,0.0231904527206432,2197,2260.4115343128656,0.0,0.000288132677065,11.851124563181656,size_band[020-049]=-0.0883;size_band[050-099]=-0.3291;size_band[100-249]=-0.2265;size_band[250-499]=0.1211;size_band[500-999]=-0.3042;size_band[1000+]=-0.8336,True,0.000288132677065
325,2024,poisson,5380,13,-11233.750572727118,22493.501145454236,22579.176912945262,0.0,4128.81504853431,False,True,,,2220,1636.0501466583496,0.0,0.5,0.0,size_band[020-049]=-0.1591;size_band[050-099]=-0.3181;size_band[100-249]=-0.5303;size_band[250-499]=-0.7982;size_band[500-999]=-1.0361;size_band[1000+]=-1.5139,False,
325,2024,nb2,5380,14,-9168.343048459965,18364.68609691993,18456.95230806411,-4128.81504853431,0.0,True,True,0.8477392556166552,,2220,2239.8592939776595,0.0,0.5,0.0,size_band[020-049]=-0.1692;size_band[050-099]=-0.3210;size_band[100-249]=-0.5239;size_band[250-499]=-0.7910;size_band[500-999]=-1.0134;size_band[1000+]=-1.3878,True,
325,2024,zip,5380,14,-10678.482139221282,21384.964278442563,21477.230489586746,-1108.5368670116732,3020.278181522637,False,True,,0.2053378923648546,2220,2135.963815028591,0.0,0.5,0.0,size_band[020-049]=-0.1482;size_band[050-099]=-0.3083;size_band[100-249]=-0.5871;size_band[250-499]=-0.9388;size_band[500-999]=-1.1969;size_band[1000+]=-1.7465,False,
325,2024,zinb,5380,15,-9168.350920704865,18366.70184140973,18465.558496207064,-4126.799304044511,2.0157444897995447,False,False,0.847629685935117,4.33815476647153e-05,2220,2239.8759757289354,0.0,0.5,0.0,size_band[020-049]=-0.1692;size_band[050-099]=-0.3210;size_band[100-249]=-0.5239;size_band[250-499]=-0.7910;size_band[500-999]=-1.0134;size_band[1000+]=-1.3878,False,
562,2024,poisson,5377,9,-10954.012390344493,21926.024780688986,21985.33375358027,0.0,5671.782038967434,False,True,,,2712,2203.638808917151,0.0,0.0811180592443555,1.9532587804133072,size_band[020-049]=0.2245;size_band[050-099]=0.3070;size_band[100-249]=0.2995;size_band[250-499]=0.2290;size_band[500-999]=0.0506;size_band[1000+]=-0.4606,False,0.0811180592443555
562,2024,nb2,5377,10,-8117.121370860776,16254.242741721551,16320.141600489647,-5671.782038967434,0.0,True,True,0.9557138316080848,,2712,2717.5574799870274,0.0,0.0811180592443555,1.9532587804133072,size_band[020-049]=0.2541;size_band[050-099]=0.3522;size_band[100-249]=0.3981;size_band[250-499]=0.3216;size_band[500-999]=0.2295;size_band[1000+]=-0.3709,True,0.0811180592443555
562,2024,zip,5377,10,-10130.369254869038,20280.738509738076,20346.637368506177,-1645.28627095091,4026.495768016525,False,True,,0.1970187948838087,2712,2606.446108012303,0.0,0.0811180592443555,1.9532587804133072,size_band[020-049]=0.2369;size_band[050-099]=0.2260;size_band[100-249]=0.1876;size_band[250-499]=0.2136;size_band[500-999]=-0.1515;size_band[1000+]=-0.4442,False,0.0811180592443555
562,2024,zinb,5377,11,-8116.144741470569,16254.289482941138,16326.778227586045,-5671.735297747848,0.0467412195866927,False,True,0.8923571686215375,0.0196329587438554,2712,2720.8713440429365,0.0,0.0811180592443555,1.9532587804133072,size_band[020-049]=0.2518;size_band[050-099]=0.3460;size_band[100-249]=0.3964;size_band[250-499]=0.3599;size_band[500-999]=0.2276;size_band[1000+]=-0.2817,False,0.0811180592443555
624,2024,poisson,5361,10,-15068.229144025509,30156.458288051013,30222.32734608929,0.0,13212.268830311075,False,True,,,2768,2114.8176854470403,0.0,0.5,0.0,size_band[020-049]=-0.1515;size_band[050-099]=-0.2660;size_band[100-249]=-0.4971;size_band[250-499]=-0.5616;size_band[500-999]=-0.8764;size_band[1000+]=-1.6865,False,
624,2024,nb2,5361,11,-8461.094728869968,16944.189457739936,17016.645421582038,-13212.268830311075,0.0,True,True,1.527138292623495,,2768,2860.041530965156,0.0,0.5,0.0,size_band[020-049]=-0.0894;size_band[050-099]=-0.2070;size_band[100-249]=-0.3844;size_band[250-499]=-0.5569;size_band[500-999]=-0.8400;size_band[1000+]=-1.7302,True,
624,2024,zip,5361,11,-13226.491861592902,26474.983723185804,26547.439687027905,-3681.4745648652097,9530.794265445867,False,True,,0.2773272327299329,2768,2706.7652881591803,0.0,0.5,0.0,size_band[020-049]=-0.1340;size_band[050-099]=-0.3819;size_band[100-249]=-0.7013;size_band[250-499]=-0.8360;size_band[500-999]=-1.1312;size_band[1000+]=-1.5753,False,
624,2024,zinb,5361,12,-8461.177050074595,16946.35410014919,17025.39696979512,-13210.104187901825,2.1646424092541565,False,False,1.524305378052955,0.0007472210585421,2768,2860.1312701887978,0.0,0.5,0.0,size_band[020-049]=-0.0895;size_band[050-099]=-0.2072;size_band[100-249]=-0.3846;size_band[250-499]=-0.5572;size_band[500-999]=-0.8400;size_band[1000+]=-1.7284,False,
811,2024,poisson,5223,10,-7424.105784509768,14868.211569019535,14933.819841303895,0.0,1712.457153392617,False,True,,,2893,2527.5316742105424,0.0,0.5,0.0,size_band[020-049]=-0.1589;size_band[050-099]=-0.2769;size_band[100-249]=-0.3240;size_band[250-499]=-0.6521;size_band[500-999]=-0.7148;size_band[1000+]=-0.3046,False,
811,2024,nb2,5223,11,-6566.877207813459,13155.754415626918,13227.923515139715,-1712.457153392617,0.0,True,True,0.7645503513888687,,2893,2903.3237878322307,0.0,0.5,0.0,size_band[020-049]=-0.1885;size_band[050-099]=-0.3259;size_band[100-249]=-0.3862;size_band[250-499]=-0.6808;size_band[500-999]=-0.7869;size_band[1000+]=-0.5467,True,
811,2024,zip,5223,11,-7122.593228136284,14267.186456272568,14339.355555785369,-601.0251127469674,1111.43204064565,False,True,,0.236547845134636,2893,2860.6462705071435,0.0,0.5,0.0,size_band[020-049]=-0.2048;size_band[050-099]=-0.4002;size_band[100-249]=-0.4534;size_band[250-499]=-0.8486;size_band[500-999]=-1.0061;size_band[1000+]=-0.6510,False,
811,2024,zinb,5223,12,-6566.939762017994,13157.879524035989,13236.609450777223,-1710.3320449835464,2.12510840907089,False,False,0.7112764247333084,0.0227980164183146,2893,2907.600187424923,0.0,0.5,0.0,size_band[020-049]=-0.1902;size_band[050-099]=-0.3306;size_band[100-249]=-0.3833;size_band[250-499]=-0.6777;size_band[500-999]=-0.7943;size_band[1000+]=-0.5717,False,
541,2024,poisson,4936,15,-8710.39237442716,17450.78474885432,17548.349407338097,0.0,5925.047743200266,False,True,,,3220,2579.4669583426803,0.0,0.5,0.0,size_band[020-049]=-0.0421;size_band[050-099]=-0.3565;size_band[100-249]=-0.8152;size_band[250-499]=-0.8937;size_band[500-999]=-1.2791;size_band[1000+]=-1.4518,False,
541,2024,nb2,4936,16,-5746.8685028270265,11525.737005654051,11629.805974703417,-5925.047743200266,0.0,True,True,1.9399448421698424,,3220,3257.332879668616,0.0,0.5,0.0,size_band[020-049]=0.0699;size_band[050-099]=-0.2637;size_band[100-249]=-0.5069;size_band[250-499]=-0.7413;size_band[500-999]=-0.9416;size_band[1000+]=-1.0183,True,
541,2024,zip,4936,16,-7573.774297840337,15179.548595680671,15283.617564730035,-2271.236153173646,3653.81159002662,False,True,,0.4348956621592211,3220,3188.3258038484832,0.0,0.5,0.0,size_band[020-049]=-0.0045;size_band[050-099]=-0.2756;size_band[100-249]=-0.9255;size_band[250-499]=-1.0976;size_band[500-999]=-1.5445;size_band[1000+]=-2.0344,False,
541,2024,zinb,4936,17,-5747.492132991671,11528.98426598334,11639.55754559829,-5921.800482870978,3.2472603292881104,False,False,1.8831305323987928,0.0149056732485917,3220,3258.2454199252943,0.0,0.5,0.0,size_band[020-049]=0.0711;size_band[050-099]=-0.2610;size_band[100-249]=-0.5056;size_band[250-499]=-0.7395;size_band[500-999]=-0.9399;size_band[1000+]=-1.0248,False,
