naics3,model,count,observed,expected
238,poisson,0,8971.0,6513.305654047725
238,poisson,1,3949.0,4970.716744656749
238,poisson,2,2287.0,3128.1080523565715
238,poisson,3,1480.0,1890.0759070989557
238,poisson,4,888.0,1162.3569735617239
238,poisson,5,573.0,737.7104965905205
238,poisson,6,423.0,481.71593370847165
238,poisson,7,322.0,321.4250311253778
238,poisson,8,228.0,217.929644251632
238,poisson,9,171.0,149.7527722121994
238,poisson,10+,708.0,426.90279039007265
238,nb2,0,8971.0,9038.222046441375
238,nb2,1,3949.0,4051.9085350699415
238,nb2,2,2287.0,2202.220622535613
238,nb2,3,1480.0,1325.3063600288076
238,nb2,4,888.0,855.3688769637615
238,nb2,5,573.0,581.782592370575
238,nb2,6,423.0,412.19595934915014
238,nb2,7,322.0,301.7068558864913
238,nb2,8,228.0,226.74669659097412
238,nb2,9,171.0,174.1634822821282
238,nb2,10+,708.0,830.377972481182
238,zip,0,8971.0,8706.587573566532
238,zip,1,3949.0,3389.5956270589254
238,zip,2,2287.0,2529.9481496815783
238,zip,3,1480.0,1733.7597957516318
238,zip,4,888.0,1156.451777661093
238,zip,5,573.0,769.5742970752945
238,zip,6,423.0,515.6149964289034
238,zip,7,322.0,348.86063874931955
238,zip,8,228.0,238.50725207221615
238,zip,9,171.0,164.74058141493705
238,zip,10+,708.0,446.3593105395705
238,zinb,0,8971.0,9038.777784079582
238,zinb,1,3949.0,4050.896276896168
238,zinb,2,2287.0,2202.2350363717233
238,zinb,3,1480.0,1325.4474834840398
238,zinb,4,888.0,855.4929814375009
238,zinb,5,573.0,581.8731825970766
238,zinb,6,423.0,412.25866018114795
238,zinb,7,322.0,301.749254936425
238,zinb,8,228.0,226.774818580859
238,zinb,9,171.0,174.18163772399527
238,zinb,10+,708.0,830.3128837114817
445,poisson,0,4549.0,3583.060197370991
445,poisson,1,3879.0,3221.012256647764
445,poisson,2,3050.0,2994.694530155133
445,poisson,3,2275.0,2639.746083587976
445,poisson,4,1601.0,2170.2067333682726
445,poisson,5,1156.0,1671.1390039099988
445,poisson,6,842.0,1211.1038329628643
445,poisson,7,601.0,832.7106783002322
445,poisson,8,381.0,550.1265757862038
445,poisson,9,303.0,355.1647076472326
445,poisson,10+,1363.0,771.0354002633308
445,nb2,0,4549.0,5046.2849584910655
445,nb2,1,3879.0,3612.1144580618948
445,nb2,2,3050.0,2699.4844280061166
445,nb2,3,2275.0,2036.563866401516
445,nb2,4,1601.0,1534.7401938325477
445,nb2,5,1156.0,1157.521580893801
445,nb2,6,842.0,875.785034864102
445,nb2,7,601.0,665.5605512246314
445,nb2,8,381.0,508.3131418238653
445,nb2,9,303.0,390.2199027718294
445,nb2,10+,1363.0,1473.4118836286307
445,zip,0,4549.0,4492.302627389574
445,zip,1,3879.0,2778.2506647659075
445,zip,2,3050.0,2686.7164159794424
445,zip,3,2275.0,2461.487502735213
445,zip,4,1601.0,2086.2457016040594
445,zip,5,1156.0,1647.1404248038086
445,zip,6,842.0,1220.7159722553458
445,zip,7,601.0,856.8660938699004
445,zip,8,381.0,576.5074643502655
445,zip,9,303.0,377.4075313740268
445,zip,10+,1363.0,816.3596008724553
445,zinb,0,4549.0,5046.286279101581
445,zinb,1,3879.0,3612.105756723592
445,zinb,2,3050.0,2699.4834029683593
445,zinb,3,2275.0,2036.56552574092
445,zinb,4,1601.0,1534.7424025697874
445,zinb,5,1156.0,1157.5235426329
445,zinb,6,842.0,875.7865302635024
445,zinb,7,601.0,665.5615856995597
445,zinb,8,381.0,508.31379485637
445,zinb,9,303.0,390.22026692935003
445,zinb,10+,1363.0,1473.4109125140776
423,poisson,0,11470.0,9830.559839922187
423,poisson,1,3784.0,4642.520491440082
423,poisson,2,1849.0,2365.3327540948585
423,poisson,3,960.0,1226.85648662342
423,poisson,4,572.0,665.9730202416447
423,poisson,5,333.0,386.8518387346515
423,poisson,6,226.0,241.9228210513576
423,poisson,7,178.0,161.85399840553146
423,poisson,8,124.0,114.24111823285931
423,poisson,9,95.0,83.70654058386538
423,poisson,10+,409.0,280.1810906695415
423,nb2,0,11470.0,11555.504803748045
423,nb2,1,3784.0,3736.166001340583
423,nb2,2,1849.0,1747.55490167743
423,nb2,3,960.0,951.6906520729926
423,nb2,4,572.0,568.2885191242395
423,nb2,5,333.0,362.99663223061634
423,nb2,6,226.0,244.48698538853643
423,nb2,7,178.0,171.9008924554657
423,nb2,8,124.0,125.22068036476922
423,nb2,9,95.0,93.94298464585802
423,nb2,10+,409.0,442.2469469514643
423,zip,0,11470.0,11303.1941392068
423,zip,1,3784.0,3444.3377375684668
423,zip,2,1849.0,2023.8750483020458
423,zip,3,960.0,1179.9812089566249
423,zip,4,572.0,689.9381287251481
423,zip,5,333.0,413.8281429653157
423,zip,6,226.0,258.6991290171863
423,zip,7,178.0,170.09572313902166
423,zip,8,124.0,117.88105160550928
423,zip,9,95.0,85.66383039722996
423,zip,10+,409.0,312.5058601166512
423,zinb,0,11470.0,11574.727486283386
423,zinb,1,3784.0,3689.5706409743825
423,zinb,2,1849.0,1754.7460727658129
423,zinb,3,960.0,960.0075364028954
423,zinb,4,572.0,573.2056273100948
423,zinb,5,333.0,365.4983613881669
423,zinb,6,226.0,245.65994872804944
423,zinb,7,178.0,172.4063064817382
423,zinb,8,124.0,125.41229645193252
423,zinb,9,95.0,94.00055627798316
423,zinb,10+,409.0,444.76516693555857
623,poisson,0,5009.0,3158.0678003654657
623,poisson,1,3181.0,2779.1545251525285
623,poisson,2,2281.0,2387.1928098765616
623,poisson,3,1825.0,2122.129660041111
623,poisson,4,1468.0,1876.089630681141
623,poisson,5,1164.0,1609.8486140692685
623,poisson,6,905.0,1331.3762424496792
623,poisson,7,725.0,1064.1425829844522
623,poisson,8,548.0,828.1210157756592
623,poisson,9,469.0,632.9960373281334
623,poisson,10+,2425.0,2210.881081275999
623,nb2,0,5009.0,5259.951274146844
623,nb2,1,3181.0,3252.709117897089
623,nb2,2,2281.0,2240.9772869170533
623,nb2,3,1825.0,1655.8606255013121
623,nb2,4,1468.0,1274.902944137888
623,nb2,5,1164.0,1007.1426155596288
623,nb2,6,905.0,809.7044986157993
623,nb2,7,725.0,659.4741065026683
623,nb2,8,548.0,542.6251997813417
623,nb2,9,469.0,450.2455422844672
623,nb2,10+,2425.0,2846.4067886559073
623,zip,0,5009.0,4626.321107541258
623,zip,1,3181.0,2229.7965775501125
623,zip,2,2281.0,1993.9501907154047
623,zip,3,1825.0,1849.3271632418644
623,zip,4,1468.0,1698.7102849873315
623,zip,5,1164.0,1508.7042848788158
623,zip,6,905.0,1286.7463258587863
623,zip,7,725.0,1055.4069789319997
623,zip,8,548.0,837.573126098698
623,zip,9,469.0,648.5723705485489
623,zip,10+,2425.0,2264.89158964718
623,zinb,0,5009.0,5261.026680535377
623,zinb,1,3181.0,3247.2490211802815
623,zinb,2,2281.0,2240.062097931823
623,zinb,3,1825.0,1656.4059216475302
623,zinb,4,1468.0,1275.899650793995
623,zinb,5,1164.0,1008.1958488978644
623,zinb,6,905.0,810.6574126569674
623,zinb,7,725.0,660.2730090806285
623,zinb,8,548.0,543.2624348758945
623,zinb,9,469.0,450.73334027033786
623,zinb,10+,2425.0,2846.2345821293025
561,poisson,0,10444.0,9025.99558820282
561,poisson,1,2396.0,3037.9407269723447
561,poisson,2,1286.0,1697.20227489494
561,poisson,3,762.0,992.1536007039033
561,poisson,4,510.0,593.1007517907624
561,poisson,5,331.0,372.59985085324047
561,poisson,6,220.0,249.23275371861325
561,poisson,7,149.0,176.91615390380312
561,poisson,8,127.0,131.6565452918468
561,poisson,9,86.0,101.30462331980004
561,poisson,10+,548.0,480.8971303479249
561,nb2,0,10444.0,10576.343174607278
561,nb2,1,2396.0,2400.7204169686893
561,nb2,2,1286.0,1159.4992636427212
561,nb2,3,762.0,687.4221290559552
561,nb2,4,510.0,447.1964682305541
561,nb2,5,331.0,308.6908952575757
561,nb2,6,220.0,222.66397067797976
561,nb2,7,149.0,166.3241447889974
561,nb2,8,127.0,127.86494584355846
561,nb2,9,86.0,100.69875475919224
561,nb2,10+,548.0,661.575836167498
561,zip,0,10444.0,10239.821223195275
561,zip,1,2396.0,2209.409570835521
561,zip,2,1286.0,1385.3319365967616
561,zip,3,762.0,908.6059918188413
561,zip,4,510.0,587.1804699689042
561,zip,5,331.0,382.362592221851
561,zip,6,220.0,256.921595855971
561,zip,7,149.0,180.4212495383587
561,zip,8,127.0,132.57764614599324
561,zip,9,86.0,101.23975612905456
561,zip,10+,548.0,475.12796769346755
561,zinb,0,10444.0,10577.283933977062
561,zinb,1,2396.0,2398.8097846805776
561,zinb,2,1286.0,1159.6149517576316
561,zinb,3,762.0,687.704795109859
561,zinb,4,510.0,447.40563801261715
561,zinb,5,331.0,308.8195993142341
561,zinb,6,220.0,222.73710328273694
561,zinb,7,149.0,166.36334224086517
561,zinb,8,127.0,127.88459971243995
561,zinb,9,86.0,100.70762796733857
561,zinb,10+,548.0,661.6686239446389
722,poisson,0,11006.0,10426.648243025364
722,poisson,1,2144.0,2604.1991681338454
722,poisson,2,859.0,1006.779787937824
722,poisson,3,418.0,443.55103868708443
722,poisson,4,228.0,217.06139506113936
722,poisson,5,116.0,118.12137538759049
722,poisson,6,82.0,70.6267432344097
722,poisson,7,54.0,45.408887744002875
722,poisson,8,36.0,30.74753212539307
722,poisson,9,24.0,21.641735334138822
722,poisson,10+,118.0,100.21409332920916
722,nb2,0,11006.0,11127.424901888533
722,nb2,1,2144.0,2030.902317904426
722,nb2,2,859.0,783.9458664280288
722,nb2,3,418.0,389.15451105950257
722,nb2,4,228.0,219.90064072207866
722,nb2,5,116.0,135.47505200991483
722,nb2,6,82.0,89.01344024718682
722,nb2,7,54.0,61.51802887399249
722,nb2,8,36.0,44.28598890364157
722,nb2,9,24.0,32.96729192647482
722,nb2,10+,118.0,170.41196003622096
722,zip,0,11006.0,11010.331894908
722,zip,1,2144.0,2022.359880661742
722,zip,2,859.0,918.2312095311826
722,zip,3,418.0,460.5544722089055
722,zip,4,228.0,244.1914897153797
722,zip,5,116.0,137.79534982156872
722,zip,6,82.0,82.9110921637284
722,zip,7,54.0,52.84688074044008
722,zip,8,36.0,35.324809244244136
722,zip,9,24.0,24.528936648741666
722,zip,10+,118.0,95.92398435606604
722,zinb,0,11006.0,11131.023482853197
722,zinb,1,2144.0,2023.8703574942856
722,zinb,2,859.0,785.8686785417125
722,zinb,3,418.0,390.6133935754035
722,zinb,4,228.0,220.62865402240988
722,zinb,5,116.0,135.78286912084076
722,zinb,6,82.0,89.11242116380129
722,zinb,7,54.0,61.51936483850673
722,zinb,8,36.0,44.244515728468265
722,zinb,9,24.0,32.90940147860806
722,zinb,10+,118.0,169.4268611827649
455,poisson,0,10534.0,10295.013270944986
455,poisson,1,2286.0,2557.406327335063
455,poisson,2,544.0,452.6138570721127
455,poisson,3,232.0,157.80134215042344
455,poisson,4,151.0,121.43089767032563
455,poisson,5,113.0,110.1438573301958
455,poisson,6,88.0,101.06082940801252
455,poisson,7,75.0,93.1132080511637
455,poisson,8,58.0,86.76596016578333
455,poisson,9,65.0,82.16841524725741
455,poisson,10+,508.0,596.4820346246756
455,nb2,0,10534.0,10463.631856227956
455,nb2,1,2286.0,2419.55685746186
455,nb2,2,544.0,512.275289372361
455,nb2,3,232.0,189.71440861584594
455,nb2,4,151.0,130.1215519653396
455,nb2,5,113.0,110.10086423969356
455,nb2,6,88.0,96.84524260445278
455,nb2,7,75.0,85.68813767904737
455,nb2,8,58.0,75.88365749155417
455,nb2,9,65.0,67.21032427369643
455,nb2,10+,508.0,502.971810068192
455,zip,0,10534.0,10336.731371511441
455,zip,1,2286.0,2534.2493599512964
455,zip,2,544.0,450.9570331993869
455,zip,3,232.0,152.63953969867558
455,zip,4,151.0,116.53002175473497
455,zip,5,113.0,106.89154884879954
455,zip,6,88.0,99.69540968414503
455,zip,7,75.0,93.3429902385976
455,zip,8,58.0,87.92470806135091
455,zip,9,65.0,83.49991315169687
455,zip,10+,508.0,591.5381038998753
455,zinb,0,10534.0,10463.704036634801
455,zinb,1,2286.0,2419.521858195586
455,zinb,2,544.0,512.2615910132656
455,zinb,3,232.0,189.7008711683298
455,zinb,4,151.0,130.11312354951994
455,zinb,5,113.0,110.09665159633144
455,zinb,6,88.0,96.84388200539244
455,zinb,7,75.0,85.68861901710405
455,zinb,8,58.0,75.88526348807028
455,zinb,9,65.0,67.21254176633448
455,zinb,10+,508.0,502.971561565264
444,poisson,0,3728.0,3194.232622979098
444,poisson,1,2725.0,2704.4376702079953
444,poisson,2,1906.0,2017.95420098711
444,poisson,3,1292.0,1613.4686971089245
444,poisson,4,1027.0,1268.2942263903071
444,poisson,5,793.0,908.7017135146039
444,poisson,6,554.0,583.1522481912027
444,poisson,7,360.0,338.268413867988
444,poisson,8,229.0,180.6580252871065
444,poisson,9,120.0,90.93396170868404
444,poisson,10+,264.0,97.8982197569807
444,nb2,0,3728.0,3674.9824757845463
444,nb2,1,2725.0,2793.7902067525843
444,nb2,2,1906.0,1924.746688530319
444,nb2,3,1292.0,1373.158458422491
444,nb2,4,1027.0,995.2803282860908
444,nb2,5,793.0,713.623848187061
444,nb2,6,554.0,500.7367821482195
444,nb2,7,360.0,343.5000705596399
444,nb2,8,229.0,231.0365733433764
444,nb2,9,120.0,152.98704459384695
444,nb2,10+,264.0,294.1575233918247
444,zip,0,3728.0,3519.339589203548
444,zip,1,2725.0,2525.216438064042
444,zip,2,1906.0,1909.224965201326
444,zip,3,1292.0,1540.3979474190396
444,zip,4,1027.0,1231.757684003232
444,zip,5,793.0,904.9031590343432
444,zip,6,554.0,598.0718183760501
444,zip,7,360.0,357.88800361487506
444,zip,8,229.0,197.08035107947146
444,zip,9,120.0,101.99684758605883
444,zip,10+,264.0,112.1231964180138
444,zinb,0,3728.0,3677.337500696475
444,zinb,1,2725.0,2789.2659794481824
444,zinb,2,1906.0,1923.8404208335426
444,zinb,3,1292.0,1373.8863294726564
444,zinb,4,1027.0,996.5061073086351
444,zinb,5,793.0,714.6973779155084
444,zinb,6,554.0,501.41551238469003
444,zinb,7,360.0,343.7923409448217
444,zinb,8,229.0,231.0525935485595
444,zinb,9,120.0,152.84775170590416
444,zinb,10+,264.0,293.3580857410245
621,poisson,0,6478.0,5446.370328989952
621,poisson,1,2253.0,2637.9186161982125
621,poisson,2,1207.0,1427.372548843432
621,poisson,3,711.0,832.1911829402461
621,poisson,4,428.0,518.8585819938393
621,poisson,5,323.0,347.0276776176249
621,poisson,6,207.0,248.66099000032014
621,poisson,7,150.0,188.83493408637995
621,poisson,8,110.0,149.47443839290503
621,poisson,9,94.0,121.45569444579148
621,poisson,10+,709.0,751.8350064912968
621,nb2,0,6478.0,6623.009933476285
621,nb2,1,2253.0,2208.6326190339314
621,nb2,2,1207.0,1092.3938443351344
621,nb2,3,711.0,643.2543828754094
621,nb2,4,428.0,419.12777492237706
621,nb2,5,323.0,292.2967502876113
621,nb2,6,207.0,214.19839551353994
621,nb2,7,150.0,163.03258108139883
621,nb2,8,110.0,127.85946045281258
621,nb2,9,94.0,102.72672530284542
621,nb2,10+,709.0,783.4675327186537
621,zip,0,6478.0,6351.465066272349
621,zip,1,2253.0,2069.1328477532747
621,zip,2,1207.0,1230.235276175291
621,zip,3,711.0,774.8900494760835
621,zip,4,428.0,507.3810601410455
621,zip,5,323.0,344.97668607577043
621,zip,6,207.0,244.7817593992335
621,zip,7,150.0,181.75384103555382
621,zip,8,110.0,140.66646297540154
621,zip,9,94.0,112.45196253049157
621,zip,10+,709.0,712.2649881655061
621,zinb,0,6478.0,6623.597877866383
621,zinb,1,2253.0,2189.2527805473496
621,zinb,2,1207.0,1096.1079413174214
621,zinb,3,711.0,647.6178221417763
621,zinb,4,428.0,422.114416754565
621,zinb,5,323.0,294.157440817202
621,zinb,6,207.0,215.32782568985013
621,zinb,7,150.0,163.7105685348485
621,zinb,8,110.0,128.26098092909893
621,zinb,9,94.0,102.95806956260371
621,zinb,10+,709.0,786.8942758389021
424,poisson,0,4537.0,3909.658611316443
424,poisson,1,1824.0,1984.020089303176
424,poisson,2,894.0,1034.6221546834834
424,poisson,3,564.0,607.7028203993957
424,poisson,4,375.0,406.4090314360602
424,poisson,5,259.0,300.8499205457716
424,poisson,6,229.0,238.8173574472953
424,poisson,7,170.0,198.5590841652534
424,poisson,8,140.0,169.99885597518715
424,poisson,9,135.0,148.0307641701467
424,poisson,10+,1203.0,1331.3313105577874
424,nb2,0,4537.0,4467.818314452459
424,nb2,1,1824.0,1850.2863449057418
424,nb2,2,894.0,954.8772075760185
424,nb2,3,564.0,575.726646630414
424,nb2,4,375.0,387.6790232153764
424,nb2,5,259.0,282.417279719116
424,nb2,6,229.0,217.5057750152435
424,nb2,7,170.0,174.26747477347317
424,nb2,8,140.0,143.6696293889732
424,nb2,9,135.0,120.97519394843772
424,nb2,10+,1203.0,1154.7771103747466
424,zip,0,4537.0,4354.71716970376
424,zip,1,1824.0,1751.9954810808201
424,zip,2,894.0,972.5004356721239
424,zip,3,564.0,587.7981127697171
424,zip,4,375.0,396.3812641498247
424,zip,5,259.0,293.7052740034618
424,zip,6,229.0,232.37250321680298
424,zip,7,170.0,191.67053197326416
424,zip,8,140.0,162.2932707307058
424,zip,9,135.0,139.7779643046165
424,zip,10+,1203.0,1246.7879923949029
424,zinb,0,4537.0,4490.436193869019
424,zinb,1,1824.0,1827.2254615510174
424,zinb,2,894.0,950.7058664674704
424,zinb,3,564.0,574.233045429625
424,zinb,4,375.0,386.9239627914573
424,zinb,5,259.0,282.1273950475389
424,zinb,6,229.0,217.5608533670671
424,zinb,7,170.0,174.55953580579944
424,zinb,8,140.0,144.108322869819
424,zinb,9,135.0,121.49299172410679
424,zinb,10+,1203.0,1160.6263710770788
332,poisson,0,3051.0,1999.938904905725
332,poisson,1,1969.0,2121.2075029341286
332,poisson,2,1287.0,1654.3847328333306
332,poisson,3,934.0,1175.912152664676
332,poisson,4,613.0,822.2556751902932
332,poisson,5,449.0,576.9709369448375
332,poisson,6,325.0,407.5042534990703
332,poisson,7,267.0,290.06536020061566
332,poisson,8,176.0,208.36112193520617
332,poisson,9,156.0,151.107251849001
332,poisson,10+,646.0,465.2921070431155
332,nb2,0,3051.0,3063.2695499248152
332,nb2,1,1969.0,2019.068112653114
332,nb2,2,1287.0,1305.901688019448
332,nb2,3,934.0,870.4286182961271
332,nb2,4,613.0,601.5355666051018
332,nb2,5,449.0,429.9215855622617
332,nb2,6,325.0,316.28416316364064
332,nb2,7,267.0,238.38361599509705
332,nb2,8,176.0,183.32690381312608
332,nb2,9,156.0,143.38632427580166
332,nb2,10+,646.0,701.4938716914666
332,zip,0,3051.0,2816.505178899342
332,zip,1,1969.0,1634.2518969639775
332,zip,2,1287.0,1416.954146758916
332,zip,3,934.0,1086.3222558830257
332,zip,4,613.0,797.7432010067023
332,zip,5,449.0,577.0265724133227
332,zip,6,325.0,414.6215496237316
332,zip,7,267.0,297.3033584439038
332,zip,8,176.0,213.65204889752533
332,zip,9,156.0,154.41816581797983
332,zip,10+,646.0,464.20162529157386
332,zinb,0,3051.0,3063.274700056928
332,zinb,1,1969.0,2019.0590038585726
332,zinb,2,1287.0,1305.9008058884165
332,zinb,3,934.0,870.4295448601487
332,zinb,4,613.0,601.5367036624481
332,zinb,5,449.0,429.9225595810155
332,zinb,6,325.0,316.28491939704924
332,zinb,7,267.0,238.3841788590944
332,zinb,8,176.0,183.3273119878587
332,zinb,9,156.0,143.3866135945611
332,zinb,10+,646.0,701.4936582539076
493,poisson,0,3876.0,2987.7571432716277
493,poisson,1,1720.0,1927.004902009342
493,poisson,2,952.0,1167.492805853348
493,poisson,3,575.0,738.4188214375556
493,poisson,4,430.0,496.87153824223935
493,poisson,5,278.0,350.4898879346764
493,poisson,6,218.0,254.81763832118423
493,poisson,7,167.0,189.69549482567663
493,poisson,8,152.0,145.27977962849363
493,poisson,9,140.0,115.6596513345752
493,poisson,10+,1267.0,1401.512337141281
493,nb2,0,3876.0,3846.6001641902285
493,nb2,1,1720.0,1743.0340533453177
493,nb2,2,952.0,959.2632944364534
493,nb2,3,575.0,597.3950918563891
493,nb2,4,430.0,405.38873449879463
493,nb2,5,278.0,292.7916741738329
493,nb2,6,218.0,221.53921766195353
493,nb2,7,167.0,173.70014945445308
493,nb2,8,152.0,140.04854099292407
493,nb2,9,140.0,115.48037735434193
493,nb2,10+,1267.0,1279.758702035312
493,zip,0,3876.0,3638.201782918136
493,zip,1,1720.0,1564.400580871339
493,zip,2,952.0,1028.4289257638084
493,zip,3,575.0,697.2971400224701
493,zip,4,430.0,492.8349229821341
493,zip,5,278.0,357.3658526029409
493,zip,6,218.0,262.9560552019265
493,zip,7,167.0,196.34821574578856
493,zip,8,152.0,149.76725650984108
493,zip,9,140.0,117.6940858012633
493,zip,10+,1267.0,1269.7051815803518
493,zinb,0,3876.0,3846.608242447583
493,zinb,1,1720.0,1743.0259026116496
493,zinb,2,952.0,959.2621098989434
493,zinb,3,575.0,597.3951318482842
493,zinb,4,430.0,405.38897265458144
493,zinb,5,278.0,292.79190175142173
493,zinb,6,218.0,221.5393965061018
493,zinb,7,167.0,173.70028048061553
493,zinb,8,152.0,140.04863354937604
493,zinb,9,140.0,115.48044135348002
493,zinb,10+,1267.0,1279.758986897963
452,poisson,0,1590.0,1331.5337111599758
452,poisson,1,1208.0,1164.3751449957092
452,poisson,2,807.0,817.3682646775611
452,poisson,3,660.0,611.1404038318864
452,poisson,4,489.0,504.5183812681435
452,poisson,5,432.0,434.65553066395904
452,poisson,6,326.0,380.4111778615881
452,poisson,7,346.0,339.3318832287039
452,poisson,8,318.0,311.2421249162197
452,poisson,9,329.0,294.7750281420736
452,poisson,10+,3139.0,3454.6483492541797
452,nb2,0,1590.0,1484.7262379285444
452,nb2,1,1208.0,1222.146625424403
452,nb2,2,807.0,860.6000119627496
452,nb2,3,660.0,642.101680591097
452,nb2,4,489.0,521.2884457054928
452,nb2,5,432.0,447.269211258535
452,nb2,6,326.0,396.2214082992662
452,nb2,7,346.0,358.4255732225377
452,nb2,8,318.0,329.1503780585547
452,nb2,9,329.0,305.37470520228334
452,nb2,10+,3139.0,3076.695722346536
452,zip,0,1590.0,1413.9874797142697
452,zip,1,1208.0,1138.9681968420437
452,zip,2,807.0,800.0361749773049
452,zip,3,660.0,599.1526045062094
452,zip,4,489.0,497.8389705868648
452,zip,5,432.0,432.4113215010875
452,zip,6,326.0,380.68418674880536
452,zip,7,346.0,340.3407204651423
452,zip,8,318.0,311.91317762986256
452,zip,9,329.0,294.65710726943524
452,zip,10+,3139.0,3434.010059758975
452,zinb,0,1590.0,1505.5376651806678
452,zinb,1,1208.0,1211.6782879959617
452,zinb,2,807.0,854.0420470381896
452,zinb,3,660.0,637.2896709696699
452,zinb,4,489.0,517.7466309471093
452,zinb,5,432.0,444.597593723945
452,zinb,6,326.0,394.1593421779836
452,zinb,7,346.0,356.9071549157112
452,zinb,8,318.0,328.21171579438374
452,zinb,9,329.0,305.05633473733616
452,zinb,10+,3139.0,3088.7735565190414
491,poisson,0,1197.0,1521.308918059303
491,poisson,1,2981.0,1854.2100617734036
491,poisson,2,1434.0,1615.0877856116263
491,poisson,3,910.0,1192.4457235351622
491,poisson,4,624.0,837.7715013870975
491,poisson,5,478.0,593.3234363377662
491,poisson,6,332.0,427.468044786181
491,poisson,7,263.0,309.4800298365386
491,poisson,8,216.0,222.6062376119416
491,poisson,9,169.0,158.56805853067254
491,poisson,10+,656.0,527.7302025303071
491,nb2,0,1197.0,1884.1137645163635
491,nb2,1,2981.0,1886.881541907998
491,nb2,2,1434.0,1484.3108214121146
491,nb2,3,910.0,1066.1936113087638
491,nb2,4,624.0,747.3692769904452
491,nb2,5,478.0,527.1393851785317
491,nb2,6,332.0,378.312409590725
491,nb2,7,263.0,276.6764600448848
491,nb2,8,216.0,205.75049906175735
491,nb2,9,169.0,155.1419064504989
491,nb2,10+,656.0,648.1103235379171
491,zip,0,1197.0,1664.0074784051233
491,zip,1,2981.0,1768.4325899194375
491,zip,2,1434.0,1560.2864535603678
491,zip,3,910.0,1165.6044734290545
491,zip,4,624.0,827.8755275716251
491,zip,5,478.0,593.4304009345461
491,zip,6,332.0,433.3199891266445
491,zip,7,263.0,317.7182429860081
491,zip,8,216.0,230.6983541258299
491,zip,9,169.0,165.08336175015648
491,zip,10+,656.0,533.5431281912064
491,zinb,0,1197.0,1884.1150358172238
491,zinb,1,2981.0,1886.8808657756563
491,zinb,2,1434.0,1484.3105097457578
491,zinb,3,910.0,1066.1934334038147
491,zinb,4,624.0,747.3691665207137
491,zinb,5,478.0,527.1393297737245
491,zinb,6,332.0,378.3123975245559
491,zinb,7,263.0,276.67647535243304
491,zinb,8,216.0,205.750526914822
491,zinb,9,169.0,155.1419363548301
491,zinb,10+,656.0,648.1103228164686
484,poisson,0,3150.0,2408.1481639234853
484,poisson,1,1661.0,1950.461049759373
484,poisson,2,1156.0,1355.3188261086877
484,poisson,3,748.0,892.538305007941
484,poisson,4,501.0,593.2086505139001
484,poisson,5,371.0,407.12902761061133
484,poisson,6,284.0,288.26453917137167
484,poisson,7,190.0,209.46511775357445
484,poisson,8,159.0,155.92484750175308
484,poisson,9,128.0,118.96062713638233
484,poisson,10+,579.0,547.5808455129205
484,nb2,0,3150.0,3132.1453707574747
484,nb2,1,1661.0,1809.668118573418
484,nb2,2,1156.0,1105.1437431886256
484,nb2,3,748.0,711.7870130478327
484,nb2,4,501.0,481.019841008362
484,nb2,5,371.0,339.2068901746561
484,nb2,6,284.0,248.1046392982418
484,nb2,7,190.0,187.1169967311551
484,nb2,8,159.0,144.75144975750948
484,nb2,9,128.0,114.3567099236981
484,nb2,10+,579.0,653.6992275390265
484,zip,0,3150.0,3004.9039444852815
484,zip,1,1661.0,1577.2350477707641
484,zip,2,1156.0,1196.8283496125848
484,zip,3,748.0,843.8749497336245
484,zip,4,501.0,584.1129654446281
484,zip,5,371.0,408.65308529022735
484,zip,6,284.0,291.41851132751145
484,zip,7,190.0,211.86949350915467
484,zip,8,159.0,157.0639135511693
484,zip,9,128.0,118.92379743082051
484,zip,10+,579.0,532.1159418442336
484,zinb,0,3150.0,3147.517230356457
484,zinb,1,1661.0,1786.639613848546
484,zinb,2,1156.0,1103.375121111967
484,zinb,3,748.0,713.8892282690406
484,zinb,4,501.0,483.2540609374674
484,zinb,5,371.0,340.9457518475854
484,zinb,6,284.0,249.37350056693595
484,zinb,7,190.0,188.03289694224148
484,zinb,8,159.0,145.41340186481148
484,zinb,9,128.0,114.83562050430737
484,zinb,10+,579.0,653.7235737506403
236,poisson,0,4679.0,3405.7000191320635
236,poisson,1,1494.0,2146.4810912259877
236,poisson,2,762.0,1217.5665062127187
236,poisson,3,435.0,659.3223871674508
236,poisson,4,274.0,361.0962517346819
236,poisson,5,175.0,206.1636217980081
236,poisson,6,106.0,123.75556987291955
236,poisson,7,112.0,77.60948663345847
236,poisson,8,62.0,50.233293629696654
236,poisson,9,38.0,33.228801139864345
236,poisson,10+,232.0,87.8429714531504
236,nb2,0,4679.0,4707.490831945856
236,nb2,1,1494.0,1481.7867761611722
236,nb2,2,762.0,732.4555140305948
236,nb2,3,435.0,423.3873834822315
236,nb2,4,274.0,266.99903426114935
236,nb2,5,175.0,178.5824574275121
236,nb2,6,106.0,124.7927145987799
236,nb2,7,112.0,90.25714292837803
236,nb2,8,62.0,67.13004615660152
236,nb2,9,38.0,51.104345431866484
236,nb2,10+,232.0,245.01375357585778
236,zip,0,4679.0,4601.0204855044485
236,zip,1,1494.0,1193.447252484235
236,zip,2,762.0,888.8562142627151
236,zip,3,435.0,602.8200980152315
236,zip,4,274.0,386.9688622890341
236,zip,5,175.0,243.20349304961056
236,zip,6,106.0,153.05438525457643
236,zip,7,112.0,97.63075313356572
236,zip,8,62.0,63.358284660288284
236,zip,9,38.0,41.764708547484574
236,zip,10+,232.0,96.87546279880983
236,zinb,0,4679.0,4708.046960385151
236,zinb,1,1494.0,1480.6677089181587
236,zinb,2,762.0,732.541902785517
236,zinb,3,435.0,423.57296911402966
236,zinb,4,274.0,267.14493259287644
236,zinb,5,175.0,178.68177578462732
236,zinb,6,106.0,124.85713212332611
236,zinb,7,112.0,90.29777247693586
236,zinb,8,62.0,67.15490674787614
236,zinb,9,38.0,51.11883507260286
236,zinb,10+,232.0,244.91510399890018
237,poisson,0,3621.0,2493.35057310856
237,poisson,1,1554.0,1844.2936362165838
237,poisson,2,866.0,1245.8737057296426
237,poisson,3,573.0,814.3277229195348
237,poisson,4,378.0,536.4248097338409
237,poisson,5,237.0,358.54653675254826
237,poisson,6,170.0,240.54856640383446
237,poisson,7,126.0,159.64545189698538
237,poisson,8,107.0,103.70523677539337
237,poisson,9,52.0,65.66640947132183
237,poisson,10+,288.0,109.61735099175445
237,nb2,0,3621.0,3768.5471912560365
237,nb2,1,1554.0,1449.7529204678376
237,nb2,2,866.0,794.0608239435139
237,nb2,3,573.0,495.52690368891854
237,nb2,4,378.0,333.19549017076054
237,nb2,5,237.0,235.6768963126063
237,nb2,6,170.0,173.03363000739353
237,nb2,7,126.0,130.75313630176174
237,nb2,8,107.0,101.0973139209162
237,nb2,9,52.0,79.64363463041634
237,nb2,10+,288.0,410.71205929983864
237,zip,0,3621.0,3554.5905552954964
237,zip,1,1554.0,1179.344337077896
237,zip,2,866.0,933.9652052090901
237,zip,3,573.0,674.6416585831647
237,zip,4,378.0,464.8185122032296
237,zip,5,237.0,316.89971969059457
237,zip,6,170.0,218.9286304684844
237,zip,7,126.0,155.19750129289042
237,zip,8,107.0,113.44920875333351
237,zip,9,52.0,85.4602708786322
237,zip,10+,288.0,274.70440054718813
237,zinb,0,3621.0,3772.3881395925396
237,zinb,1,1554.0,1439.6825510572025
237,zinb,2,866.0,793.9049910474963
237,zinb,3,573.0,496.682129620889
237,zinb,4,378.0,334.2885032190909
237,zinb,5,237.0,236.51483777758264
237,zinb,6,170.0,173.6456295130113
237,zinb,7,126.0,131.19787841187616
237,zinb,8,107.0,101.42440741417514
237,zinb,9,52.0,79.8890955951362
237,zinb,10+,288.0,412.3818367510006
221,poisson,0,3582.0,2916.858121736477
221,poisson,1,1274.0,1600.6192392183061
221,poisson,2,682.0,856.3538287945331
221,poisson,3,396.0,484.3664421257329
221,poisson,4,248.0,297.15778577580045
221,poisson,5,159.0,194.68608389354824
221,poisson,6,108.0,132.75888716077665
221,poisson,7,80.0,92.43123180608083
221,poisson,8,60.0,65.11291495328459
221,poisson,9,39.0,46.33421490239675
221,poisson,10+,210.0,151.3212496330632
221,nb2,0,3582.0,3575.985618769605
221,nb2,1,1274.0,1321.9779815843458
221,nb2,2,682.0,653.3469282217386
221,nb2,3,396.0,372.6742487351032
221,nb2,4,248.0,233.45882715888354
221,nb2,5,159.0,156.42691821827103
221,nb2,6,108.0,110.17789687396191
221,nb2,7,80.0,80.59381854770231
221,nb2,8,60.0,60.70276252611113
221,nb2,9,39.0,46.78964844033883
221,nb2,10+,210.0,225.8653509239382
221,zip,0,3582.0,3519.5360219709555
221,zip,1,1274.0,1174.1254832358873
221,zip,2,682.0,721.0943287605269
221,zip,3,396.0,442.3891234437368
221,zip,4,248.0,280.5542381747168
221,zip,5,159.0,185.77189848587267
221,zip,6,108.0,128.1579980734587
221,zip,7,80.0,91.39446663240875
221,zip,8,60.0,66.77544462898985
221,zip,9,39.0,49.64951348620742
221,zip,10+,210.0,178.55148310723996
221,zinb,0,3582.0,3595.4075887990407
221,zinb,1,1274.0,1285.7570426815819
221,zinb,2,682.0,654.0826272724048
221,zinb,3,396.0,376.7904719630176
221,zinb,4,248.0,236.8387050846186
221,zinb,5,159.0,158.85785340658055
221,zinb,6,108.0,111.9019685713942
221,zinb,7,80.0,81.82699761617943
221,zinb,8,60.0,61.595469606352644
221,zinb,9,39.0,47.443397178681494
221,zinb,10+,210.0,227.49787782014795
721,poisson,0,2701.0,2095.1245388638085
721,poisson,1,1287.0,1565.1963703581246
721,poisson,2,663.0,856.8722537476343
721,poisson,3,451.0,476.51911750444947
721,poisson,4,258.0,303.4172810688282
721,poisson,5,206.0,216.7033882720274
721,poisson,6,160.0,165.00929063177932
721,poisson,7,114.0,129.92740557196186
721,poisson,8,108.0,104.48446630553543
721,poisson,9,98.0,85.58897620504978
721,poisson,10+,767.0,814.156911470801
721,nb2,0,2701.0,2599.3586633752775
721,nb2,1,1287.0,1387.4158115503692
721,nb2,2,663.0,740.2186102995588
721,nb2,3,451.0,431.3834996627328
721,nb2,4,258.0,278.04210134750053
721,nb2,5,206.0,195.36638286917884
721,nb2,6,160.0,146.44660482001933
721,nb2,7,114.0,114.92495362740813
721,nb2,8,108.0,93.16102693876837
721,nb2,9,98.0,77.32610869585302
721,nb2,10+,767.0,749.3562368133337
721,zip,0,2701.0,2446.3684571176195
721,zip,1,1287.0,1352.0165196785736
721,zip,2,663.0,805.7188939119922
721,zip,3,451.0,468.1830857039224
721,zip,4,258.0,302.0645677759069
721,zip,5,206.0,215.61257059397806
721,zip,6,160.0,162.95780590424968
721,zip,7,114.0,126.97943319863099
721,zip,8,108.0,101.12711448444071
721,zip,9,98.0,82.23171502976771
721,zip,10+,767.0,749.7398366009184
721,zinb,0,2701.0,2599.7378530377127
721,zinb,1,1287.0,1386.99675721042
721,zinb,2,663.0,740.1909632292522
721,zinb,3,451.0,431.38155702591695
721,zinb,4,258.0,278.0391854213067
721,zinb,5,206.0,195.36557736521
721,zinb,6,160.0,146.4485416399254
721,zinb,7,114.0,114.92863600981478
721,zinb,8,108.0,93.16545530094129
721,zinb,9,98.0,77.33068694955861
721,zinb,10+,767.0,749.4147868099417
622,poisson,0,1137.0,734.522804521815
622,poisson,1,511.0,513.7481835314322
622,poisson,2,371.0,371.8347481649597
622,poisson,3,303.0,300.25425863398124
622,poisson,4,228.0,264.77770199875494
622,poisson,5,169.0,240.34573482328491
622,poisson,6,186.0,217.39819875372126
622,poisson,7,146.0,194.5458851271041
622,poisson,8,166.0,172.89040088733145
622,poisson,9,141.0,153.5446855954218
622,poisson,10+,3203.0,3397.137397962193
622,nb2,0,1137.0,964.6716243253322
622,nb2,1,511.0,589.6167803638438
622,nb2,2,371.0,416.945829259885
622,nb2,3,303.0,323.8645314880042
622,nb2,4,228.0,266.8479652074093
622,nb2,5,169.0,227.67976286370452
622,nb2,6,186.0,198.3599716595262
622,nb2,7,146.0,175.15288358864547
622,nb2,8,166.0,156.15040850504693
622,nb2,9,141.0,140.2659915383339
622,nb2,10+,3203.0,3101.4442512002684
622,zip,0,1137.0,961.1636730906637
622,zip,1,511.0,472.57228873990505
622,zip,2,371.0,346.87712578676565
622,zip,3,303.0,282.6195140991754
622,zip,4,228.0,251.61353992217
622,zip,5,169.0,230.8980894132061
622,zip,6,186.0,211.13940343584312
622,zip,7,146.0,190.7337239435143
622,zip,8,166.0,170.6280093695325
622,zip,9,141.0,151.99211545312693
622,zip,10+,3203.0,3290.762516746097
622,zinb,0,1137.0,1028.7983872957384
622,zinb,1,511.0,549.2578591065698
622,zinb,2,371.0,395.4110215636813
622,zinb,3,303.0,311.2636579877454
622,zinb,4,228.0,259.7467274686678
622,zinb,5,169.0,223.9775352506224
622,zinb,6,186.0,196.61700917462554
622,zinb,7,146.0,174.43731676031973
622,zinb,8,166.0,155.90295122293827
622,zinb,9,141.0,140.17545868076792
622,zinb,10+,3203.0,3125.4120754883234
311,poisson,0,1329.0,932.7421604602393
311,poisson,1,822.0,842.9213634114021
311,poisson,2,658.0,656.2587845443611
311,poisson,3,486.0,520.0503994627459
311,poisson,4,441.0,433.09880002053757
311,poisson,5,348.0,372.61529001132874
311,poisson,6,284.0,325.29330808323
311,poisson,7,255.0,285.83021725831435
311,poisson,8,217.0,252.04589553912515
311,poisson,9,159.0,222.58204713797554
311,poisson,10+,1433.0,1588.5617340707402
311,nb2,0,1329.0,1299.8554830585927
311,nb2,1,822.0,932.7402233113078
311,nb2,2,658.0,668.9176739819436
311,nb2,3,486.0,503.7850760804922
311,nb2,4,441.0,396.45098492403446
311,nb2,5,348.0,322.21053319046047
311,nb2,6,284.0,267.8387674641069
311,nb2,7,255.0,226.19922617224208
311,nb2,8,217.0,193.25331173976747
311,nb2,9,159.0,166.56839903661486
311,nb2,10+,1433.0,1454.1803210404373
311,zip,0,1329.0,1162.1486544650547
311,zip,1,822.0,764.8376652448758
311,zip,2,658.0,609.4584252105776
311,zip,3,486.0,490.4280799838241
311,zip,4,441.0,413.42945604461113
311,zip,5,348.0,359.572366099187
311,zip,6,284.0,316.6142937232024
311,zip,7,255.0,279.8347894878023
311,zip,8,217.0,247.6958112559323
311,zip,9,159.0,219.3567014142239
311,zip,10+,1433.0,1568.623757070709
311,zinb,0,1329.0,1301.6753128835585
311,zinb,1,822.0,931.1079973281905
311,zinb,2,658.0,668.2338306402514
311,zinb,3,486.0,503.48087641972575
311,zinb,4,441.0,396.3365904645776
311,zinb,5,348.0,322.20160080814765
311,zinb,6,284.0,267.8888222043107
311,zinb,7,255.0,226.2802366247478
311,zinb,8,217.0,193.34806932888048
311,zinb,9,159.0,166.66648048971143
311,zinb,10+,1433.0,1454.7801828078982
492,poisson,0,831.0,382.9200132757778
492,poisson,1,537.0,414.7627552960481
492,poisson,2,465.0,437.56053293163234
492,poisson,3,445.0,452.16200778297264
492,poisson,4,385.0,456.3286008840804
492,poisson,5,355.0,448.0555311910998
492,poisson,6,306.0,425.6062949744126
492,poisson,7,302.0,390.1517314686605
492,poisson,8,239.0,345.9010576402692
492,poisson,9,237.0,298.3090041034808
492,poisson,10+,2044.0,2094.242470451566
492,nb2,0,831.0,783.6996143734177
492,nb2,1,537.0,648.539991419381
492,nb2,2,465.0,542.6939652268561
492,nb2,3,445.0,459.69141091178534
492,nb2,4,385.0,392.79743352860726
492,nb2,5,355.0,337.9927240372474
492,nb2,6,306.0,292.56119703191143
492,nb2,7,302.0,254.54149432598155
492,nb2,8,239.0,222.47181899013464
492,nb2,9,237.0,195.23998916042075
492,nb2,10+,2044.0,2015.770360994257
492,zip,0,831.0,741.049147528297
492,zip,1,537.0,338.3849560131115
492,zip,2,465.0,367.6579900010967
492,zip,3,445.0,391.5639130854137
492,zip,4,385.0,404.59687583047054
492,zip,5,355.0,405.69516523143136
492,zip,6,306.0,394.1208340107269
492,zip,7,302.0,370.2450308797879
492,zip,8,239.0,336.52248124860864
492,zip,9,237.0,296.95684836274575
492,zip,10+,2044.0,2099.20675780831
492,zinb,0,831.0,815.9350710272461
492,zinb,1,537.0,620.0305513685871
492,zinb,2,465.0,528.4115721072892
492,zinb,3,445.0,453.0520989830034
492,zinb,4,385.0,390.4196526601801
492,zinb,5,355.0,337.99874781903975
492,zinb,6,306.0,293.86031953363675
492,zinb,7,302.0,256.4840304311533
492,zinb,8,239.0,224.667886262309
492,zinb,9,237.0,197.45827661776892
492,zinb,10+,2044.0,2027.6817931897863
333,poisson,0,2080.0,1447.7749819531743
333,poisson,1,1072.0,1226.1345057753294
333,poisson,2,730.0,875.8492544266211
333,poisson,3,456.0,604.2398476019239
333,poisson,4,344.0,423.5776541372221
333,poisson,5,222.0,304.7955808836792
333,poisson,6,163.0,223.90632174367403
333,poisson,7,155.0,166.67597016648534
333,poisson,8,109.0,125.14052426148493
333,poisson,9,97.0,94.62050434866762
333,poisson,10+,464.0,399.284854701738
333,nb2,0,2080.0,2082.5968456630408
333,nb2,1,1072.0,1139.2636114485729
333,nb2,2,730.0,691.5576361859729
333,nb2,3,456.0,452.3922304211971
333,nb2,4,344.0,313.0651713669443
333,nb2,5,222.0,226.29749374230002
333,nb2,6,163.0,169.28175444193337
333,nb2,7,155.0,130.13805950190005
333,nb2,8,109.0,102.279795160386
333,nb2,9,97.0,81.85584356681878
333,nb2,10+,464.0,503.2715585009337
333,zip,0,2080.0,1967.6608084109637
333,zip,1,1072.0,929.9105247907598
333,zip,2,730.0,734.5370578291565
333,zip,3,456.0,546.2595208899783
333,zip,4,344.0,401.8260612154212
333,zip,5,222.0,297.7565624735305
333,zip,6,163.0,222.9775389700097
333,zip,7,155.0,168.4701321687373
333,zip,8,109.0,128.13703068172654
333,zip,9,97.0,97.95569685592824
333,zip,10+,464.0,396.50906571378846
333,zinb,0,2080.0,2082.6300728414503
333,zinb,1,1072.0,1139.2171982663046
333,zinb,2,730.0,691.5507608453809
333,zinb,3,456.0,452.3941569117471
333,zinb,4,344.0,313.0688261519906
333,zinb,5,222.0,226.3010929035336
333,zinb,6,163.0,169.28487436052086
333,zinb,7,155.0,130.14064990981115
333,zinb,8,109.0,102.28190641094876
333,zinb,9,97.0,81.85754695386512
333,zinb,10+,464.0,503.27291444444705
531,poisson,0,4070.0,3740.7139432420563
531,poisson,1,925.0,1093.616076732334
531,poisson,2,330.0,411.9239582695552
531,poisson,3,129.0,193.15585404583487
531,poisson,4,87.0,104.02541126974118
531,poisson,5,51.0,62.65239354854408
531,poisson,6,31.0,41.231525378870245
531,poisson,7,30.0,28.654901896592257
531,poisson,8,20.0,20.414567212865354
531,poisson,9,15.0,14.711956610266856
531,poisson,10+,95.0,71.89941179333981
531,nb2,0,4070.0,4115.875512402898
531,nb2,1,925.0,840.6207048837905
531,nb2,2,330.0,313.8028840553537
531,nb2,3,129.0,156.29946999227857
531,nb2,4,87.0,91.20904745836137
531,nb2,5,51.0,58.63212110029632
531,nb2,6,31.0,40.229911013468
531,nb2,7,30.0,28.94568380761384
531,nb2,8,20.0,21.601398317593823
531,nb2,9,15.0,16.597459993996303
531,nb2,10+,95.0,99.18580697434997
531,zip,0,4070.0,4071.217011111148
531,zip,1,925.0,807.6065941925303
531,zip,2,330.0,354.49377188883085
531,zip,3,129.0,186.80584161496182
531,zip,4,87.0,107.40526237005182
531,zip,5,51.0,64.93408326628308
531,zip,6,31.0,41.534177581591806
531,zip,7,30.0,28.534455150712617
531,zip,8,20.0,21.076376156310516
531,zip,9,15.0,16.44776527488019
531,zip,10+,95.0,82.94466139269858
531,zinb,0,4070.0,4120.6425908645215
531,zinb,1,925.0,829.4978750152042
531,zinb,2,330.0,315.3071236904091
531,zinb,3,129.0,157.77496687942244
531,zinb,4,87.0,92.13588387252697
531,zinb,5,51.0,59.182306005969224
531,zinb,6,31.0,40.5616680859381
531,zinb,7,30.0,29.15885663417356
531,zinb,8,20.0,21.75292373401566
531,zinb,9,15.0,16.718041660125714
531,zinb,10+,95.0,100.2677635576938
441,poisson,0,2197.0,1815.1456898483439
441,poisson,1,1329.0,1587.7456991956317
441,poisson,2,859.0,977.7403691745285
441,poisson,3,466.0,511.1657400454595
441,poisson,4,240.0,254.3676179976971
441,poisson,5,149.0,131.1674329128569
441,poisson,6,84.0,73.67580221238161
441,poisson,7,65.0,45.709654656475344
441,poisson,8,44.0,31.08908352796722
441,poisson,9,18.0,22.838846830619595
441,poisson,10+,105.0,105.35406359803865
441,nb2,0,2197.0,2257.6193563295283
441,nb2,1,1329.0,1356.497560099378
441,nb2,2,859.0,758.3021028076496
441,nb2,3,466.0,425.73336971005887
441,nb2,4,240.0,245.57565926321882
441,nb2,5,149.0,147.1555720163797
441,nb2,6,84.0,92.14315053175233
441,nb2,7,65.0,60.41708763529302
441,nb2,8,44.0,41.44147191023633
441,nb2,9,18.0,29.639721441142605
441,nb2,10+,105.0,141.4749482553621
441,zip,0,2197.0,2169.0061165828283
441,zip,1,1329.0,1265.231192624067
441,zip,2,859.0,881.3604724137148
441,zip,3,466.0,515.8469410920538
441,zip,4,240.0,279.35318071183406
441,zip,5,149.0,150.361091456277
441,zip,6,84.0,84.43639672892301
441,zip,7,65.0,50.77720653278887
441,zip,8,44.0,33.00207587596255
441,zip,9,18.0,23.13742105721897
441,zip,10+,105.0,103.48790492433152
441,zinb,0,2197.0,2260.4115343128656
441,zinb,1,1329.0,1342.6856476162297
441,zinb,2,859.0,763.6150883813025
441,zinb,3,466.0,430.3200458253205
441,zinb,4,240.0,247.57277072342572
441,zinb,5,149.0,147.602374670147
441,zinb,6,84.0,91.93775760324569
441,zinb,7,65.0,60.02369839619067
441,zinb,8,44.0,41.05061333024928
441,zinb,9,18.0,29.312031582253702
441,zinb,10+,105.0,141.46843755876984
325,poisson,0,2220.0,1636.0501466583496
325,poisson,1,1144.0,1321.636109991467
325,poisson,2,638.0,860.1004264190651
325,poisson,3,389.0,529.6324691253415
325,poisson,4,241.0,330.8052131917487
325,poisson,5,178.0,213.83424564620154
325,poisson,6,126.0,142.594037469378
325,poisson,7,86.0,97.13058001499851
325,poisson,8,70.0,67.03274283720393
325,poisson,9,70.0,46.66367320864758
325,poisson,10+,218.0,134.52035543759854
325,nb2,0,2220.0,2239.8592939776595
325,nb2,1,1144.0,1128.3480415178665
325,nb2,2,638.0,636.4100693298877
325,nb2,3,389.0,387.88681436949355
325,nb2,4,241.0,251.07782582732983
325,nb2,5,178.0,170.57638676364618
325,nb2,6,126.0,120.51976356541772
325,nb2,7,86.0,87.92028688165385
325,nb2,8,70.0,65.84930510982481
325,nb2,9,70.0,50.41055530733995
325,nb2,10+,218.0,241.14165734988026
325,zip,0,2220.0,2135.963815028591
325,zip,1,1144.0,968.1293706609539
325,zip,2,638.0,723.9199688665009
325,zip,3,389.0,493.62546840042916
325,zip,4,241.0,328.5169835193176
325,zip,5,178.0,219.9140851986865
325,zip,6,126.0,149.4084434645798
325,zip,7,86.0,102.8562413407603
325,zip,8,70.0,71.40489638814802
325,zip,9,70.0,49.807385138668415
325,zip,10+,218.0,136.4533419933645
325,zinb,0,2220.0,2239.8759757289354
325,zinb,1,1144.0,1128.319721083719
325,zinb,2,638.0,636.409784618809
325,zinb,3,389.0,387.8904794143343
325,zinb,4,241.0,251.0811630055453
325,zinb,5,178.0,170.5788357827306
325,zinb,6,126.0,120.52145592349692
325,zinb,7,86.0,87.92142848769927
325,zinb,8,70.0,65.8500620389645
325,zinb,9,70.0,50.411045951697005
325,zinb,10+,218.0,241.1400479640683
562,poisson,0,2712.0,2203.6388089171514
562,poisson,1,896.0,1136.1874014618625
562,poisson,2,541.0,644.1111929204703
562,poisson,3,327.0,390.3137608444706
562,poisson,4,205.0,252.22747719047533
562,poisson,5,156.0,173.42846233101454
562,poisson,6,130.0,125.3468892020374
562,poisson,7,70.0,93.68565191874106
562,poisson,8,58.0,71.46248945883023
562,poisson,9,42.0,55.22178390226156
562,poisson,10+,240.0,231.3760818526848
562,nb2,0,2712.0,2717.5574799870274
562,nb2,1,896.0,969.4740551483533
562,nb2,2,541.0,496.3518646766895
562,nb2,3,327.0,297.66472269811953
562,nb2,4,205.0,195.50977361317607
562,nb2,5,156.0,136.50989305923318
562,nb2,6,130.0,99.68489099327668
562,nb2,7,70.0,75.35487208014399
562,nb2,8,58.0,58.55148160458141
562,nb2,9,42.0,46.52219826925383
562,nb2,10+,240.0,283.8187678701453
562,zip,0,2712.0,2606.446108012303
562,zip,1,896.0,887.7038824246301
562,zip,2,541.0,554.7470834861239
562,zip,3,327.0,360.0290867510013
562,zip,4,205.0,240.44080734794687
562,zip,5,156.0,166.26027540831555
562,zip,6,130.0,119.38379466477737
562,zip,7,70.0,88.6089467296569
562,zip,8,58.0,67.39103625318836
562,zip,9,42.0,52.095281088976094
562,zip,10+,240.0,233.89369783308044
562,zinb,0,2712.0,2720.8713440429365
562,zinb,1,896.0,961.6425844088627
562,zinb,2,541.0,496.62824799303684
562,zinb,3,327.0,298.7092094413408
562,zinb,4,205.0,196.3428338693618
562,zinb,5,156.0,137.07125507081977
562,zinb,6,130.0,100.04726317069515
562,zinb,7,70.0,75.58748730826433
562,zinb,8,58.0,58.7022282499873
562,zinb,9,42.0,46.62151311451295
562,zinb,10+,240.0,284.7760333301821
624,poisson,0,2768.0,2114.8176854470403
624,poisson,1,956.0,1164.5628424415208
624,poisson,2,518.0,643.1078287594821
624,poisson,3,273.0,383.41405537076264
624,poisson,4,189.0,248.18788042234235
624,poisson,5,121.0,171.21545473487822
624,poisson,6,84.0,123.32479282837227
624,poisson,7,79.0,91.76331468717675
624,poisson,8,60.0,70.38900340238388
624,poisson,9,42.0,55.73714557793435
624,poisson,10+,271.0,294.4799963281066
624,nb2,0,2768.0,2860.041530965156
624,nb2,1,956.0,886.7386247356942
624,nb2,2,518.0,440.80435402114523
624,nb2,3,273.0,264.2224043728329
624,nb2,4,189.0,175.79935505515743
624,nb2,5,121.0,125.11652901158344
624,nb2,6,84.0,93.35948989113346
624,nb2,7,79.0,72.15427840359438
624,nb2,8,60.0,57.299535384081494
624,nb2,9,42.0,46.4952125856978
624,nb2,10+,271.0,338.9686855739234
624,zip,0,2768.0,2706.7652881591803
624,zip,1,956.0,803.1665049259742
624,zip,2,518.0,513.1862761813499
624,zip,3,273.0,337.7592760403509
624,zip,4,189.0,230.67759350221283
624,zip,5,121.0,163.02140783087958
624,zip,6,84.0,118.3494764494011
624,zip,7,79.0,87.74886752176762
624,zip,8,60.0,66.30228935405509
624,zip,9,42.0,51.08358642976314
624,zip,10+,271.0,282.93943360506546
624,zinb,0,2768.0,2860.1312701887978
624,zinb,1,956.0,886.5294737302588
624,zinb,2,518.0,440.80420074215834
624,zinb,3,273.0,264.24332728493346
624,zinb,4,189.0,175.8184264262387
624,zinb,5,121.0,125.13125707013049
624,zinb,6,84.0,93.37053310423893
624,zinb,7,79.0,72.16258571670596
624,zinb,8,60.0,57.305866967412705
624,zinb,9,42.0,46.50011414767931
624,zinb,10+,271.0,339.0029446214454
811,poisson,0,2893.0,2527.5316742105424
811,poisson,1,1143.0,1369.6152503287367
811,poisson,2,494.0,625.3632902729591
811,poisson,3,258.0,294.07446838295715
811,poisson,4,158.0,151.3959340935844
811,poisson,5,61.0,85.42431374082693
811,poisson,6,48.0,51.72710447789609
811,poisson,7,43.0,32.9085564287034
811,poisson,8,22.0,21.693922628205165
811,poisson,9,16.0,14.7155612867403
811,poisson,10+,87.0,48.549924148847815
811,nb2,0,2893.0,2903.3237878322307
811,nb2,1,1143.0,1125.4286405728828
811,nb2,2,494.0,500.4890366093813
811,nb2,3,258.0,252.10517983876048
811,nb2,4,158.0,140.44237160738516
811,nb2,5,61.0,84.76568372879727
811,nb2,6,48.0,54.51923026769356
811,nb2,7,43.0,36.88376400610369
811,nb2,8,22.0,25.984224060183116
811,nb2,9,16.0,18.915855212060535
811,nb2,10+,87.0,80.14222626452148
811,zip,0,2893.0,2860.6462705071435
811,zip,1,1143.0,1068.8663356611307
811,zip,2,494.0,567.1560457389857
811,zip,3,258.0,292.48632090989526
811,zip,4,158.0,157.48405776504754
811,zip,5,61.0,90.82986761555242
811,zip,6,48.0,56.02315664555639
811,zip,7,43.0,36.41975067861705
811,zip,8,22.0,24.552374754963676
811,zip,9,16.0,16.958030124412915
811,zip,10+,87.0,51.57778959869521
811,zinb,0,2893.0,2907.600187424923
811,zinb,1,1143.0,1117.588057943035
811,zinb,2,494.0,501.7040334681516
811,zinb,3,258.0,253.28776696989263
811,zinb,4,158.0,141.08642430621165
811,zinb,5,61.0,85.09274196744701
811,zinb,6,48.0,54.69022563118344
811,zinb,7,43.0,36.979431115292115
811,zinb,8,22.0,26.042091517798344
811,zinb,9,16.0,18.95324870779128
811,zinb,10+,87.0,79.9757909482741
541,poisson,0,3220.0,2579.4669583426803
541,poisson,1,771.0,1163.6665999162778
541,poisson,2,343.0,520.5660716727101
541,poisson,3,191.0,249.61672235022138
541,poisson,4,115.0,135.305241935185
541,poisson,5,58.0,80.6029061004165
541,poisson,6,50.0,50.84858267987911
541,poisson,7,29.0,33.48512415384608
541,poisson,8,23.0,23.023139614320588
541,poisson,9,25.0,16.586698009182122
541,poisson,10+,111.0,82.8319552252813
541,nb2,0,3220.0,3257.332879668616
541,nb2,1,771.0,733.5462543751878
541,nb2,2,343.0,321.0356322471664
541,nb2,3,191.0,173.96129826341812
541,nb2,4,115.0,106.01049455275665
541,nb2,5,58.0,69.94785235016727
541,nb2,6,50.0,48.95980771381625
541,nb2,7,29.0,35.872581668500274
541,nb2,8,23.0,27.251244015747414
541,nb2,9,25.0,21.31001311696776
541,nb2,10+,111.0,140.77194202765617
541,zip,0,3220.0,3188.3258038484832
541,zip,1,771.0,661.1264476242235
541,zip,2,343.0,399.98319029474976
541,zip,3,191.0,231.50955327697582
541,zip,4,115.0,138.02244475669622
541,zip,5,58.0,87.54439964189979
541,zip,6,50.0,58.57124249627024
541,zip,7,29.0,40.564400193735864
541,zip,8,23.0,28.71497588075767
541,zip,9,25.0,20.665896832565586
541,zip,10+,111.0,80.97164515364238
541,zinb,0,3220.0,3258.2454199252943
541,zinb,1,771.0,731.5152590183253
541,zinb,2,343.0,321.2848343906038
541,zinb,3,191.0,174.25858337829584
541,zinb,4,115.0,106.20874969969545
541,zinb,5,58.0,70.07523051923525
541,zinb,6,50.0,49.04554854533964
541,zinb,7,29.0,35.93386637235618
541,zinb,8,23.0,27.29722413790374
541,zinb,9,25.0,21.34558075361884
541,zinb,10+,111.0,140.78970325933173
