label,n_filings,n_implausible,implausible_share,hours_total,hours_share_implausible,cases_total,cases_share_implausible,aggregate_trir_unscreened,aggregate_trir_screened,ratio_screened_to_unscreened,median_establishment_trir_screened
10,1,0,0.0,115000.0,0.0,1.0,0.0,1.7391304347826086,1.7391304347826086,1.0,1.7391304347826086
11,44872,1697,0.03781868425744339,14063405549.0,0.5135268803731203,187148.0,0.039508837925064655,2.661489058932919,5.254836528326358,1.9743971934392244,3.8097284225725785
12,3,0,0.0,334951.0,0.0,6.0,0.0,3.5826135763141473,3.5826135763141473,1.0,0.9716709339215182
13,1,0,0.0,101163.0,0.0,1.0,0.0,1.9770074038927277,1.9770074038927277,1.0,1.9770074038927277
14,2,0,0.0,50578.0,0.0,3.0,0.0,11.862865277393333,11.862865277393333,1.0,13.303179459890915
16,1,0,0.0,1920.0,0.0,0.0,,0.0,0.0,,0.0
17,7,0,0.0,586380.0,0.0,34.0,0.0,11.596575599440635,11.596575599440635,1.0,14.998968820893564
19,20,0,0.0,6396938.0,0.0,248.0,0.0,7.753709665468072,7.753709665468072,1.0,6.546186009645769
20,3,0,0.0,711044.0,0.0,16.0,0.0,4.500424727583666,4.500424727583666,1.0,3.9093041438623923
21,7838,167,0.02130645572850217,3245880664.0,0.04882202810398824,14107.0,0.012972283263627987,0.8692248089377078,0.901985752241738,1.037689839230507,0.0
22,54592,575,0.01053267878077374,18195837917.0,0.37687793407925857,110607.0,0.006780764327755024,1.2157395609318122,1.937816013144997,1.5939400801103685,0.23638594260076543
23,272189,4834,0.017759718430943205,16910686791197.0,0.9967344647403826,615748.0,0.014229847275184004,0.007282353550779886,2.198330809874483,301.8709260056535,1.3369609540553369
24,2,0,0.0,40071.0,0.0,1.0,0.0,4.991140725212747,4.991140725212747,1.0,4.586104104563174
25,1,0,0.0,96000.0,0.0,0.0,,0.0,0.0,,0.0
26,2,0,0.0,211205.0,0.0,9.0,0.0,8.52252550839232,8.52252550839232,1.0,6.942813740499787
27,1,0,0.0,452687.0,0.0,6.0,0.0,2.6508382171345763,2.6508382171345763,1.0,2.6508382171345763
28,21,1,0.047619047619047616,60104.0,0.0,0.0,,0.0,0.0,,0.0
29,4,0,0.0,237899.0,0.0,2.0,0.0,1.6813857981748557,1.6813857981748557,1.0,0.0
30,1,0,0.0,96028.0,0.0,0.0,,0.0,0.0,,0.0
31,70409,977,0.01387606698007357,45708921005.0,0.3608304979720665,559548.0,0.011185814264370528,2.448309816540155,3.787607934968244,1.5470296730340798,3.2296930805996613
32,169666,1990,0.011728926243325121,91241273631.0,0.5489298696942254,593900.0,0.009651456474153898,1.3018231253585162,2.858222146638484,2.195553367398772,2.3004679535313333
33,240889,3019,0.012532743296705121,1002371779566.0,0.9167339870819813,1257912.0,0.00994107695927855,0.2509871138919418,2.9843152442235064,11.890312605882835,2.30264862226373
34,4,0,0.0,2734377.0,0.0,6.0,0.0,0.4388568218647246,0.4388568218647246,1.0,0.0
35,23,3,0.13043478260869565,5949665.0,0.7590696282899961,29.0,0.3103448275862069,0.9748448021863416,2.7904608097219654,2.86246672646111,0.0
36,16,0,0.0,3136400.0,0.0,29.0,0.0,1.8492539216936614,1.8492539216936614,1.0,0.5113546295491386
37,12,1,0.08333333333333333,1105650.0,0.001720255053588387,6.0,0.6666666666666666,1.085334418667752,0.36240156267553825,0.333907739810174,0.0
39,4,0,0.0,2929522.0,0.0,55.0,0.0,3.7548787822723297,3.7548787822723297,1.0,3.9660451051842713
40,2,0,0.0,462810.0,0.0,4.0,0.0,1.7285711198980143,1.7285711198980143,1.0,1.759406943216926
41,2,0,0.0,92475.0,0.0,0.0,,0.0,0.0,,0.0
42,241482,3366,0.013938927125003105,41585625614.0,0.28952227603248293,567147.0,0.014075715819708118,2.727610762739456,3.7850837514777713,1.3876920428618085,0.0
43,41,1,0.024390243902439025,8591783.0,0.0007395438176220233,199.0,0.0,4.6323330093416,4.635761357993875,1.0007400911474544,3.2338959260860882
44,330667,3067,0.009275192262911026,164623012150.0,0.7544546484292961,1056225.0,0.006184288385523918,1.2832045607786553,5.193618390898236,4.047381492898312,3.8461538461538463
45,184861,1801,0.009742455141971536,34979292120.0,0.0656060649005495,847577.0,0.001622271486838364,4.846164394020905,5.178011562317126,1.0684762507655843,3.1497148069055227
46,9,0,0.0,2119755.0,0.0,22.0,0.0,2.075711579875976,2.075711579875976,1.0,1.058432531982303
48,133384,2809,0.021059497390991423,39737850952.0,0.3197657742072856,656247.0,0.013130726692845833,3.3028811789177603,4.791749408168867,1.4507786228443607,2.9961390139360797
49,169257,1528,0.009027691616890291,41876714079.0,0.0669250932800725,1281642.0,0.0055202622885329915,6.121024670570835,6.523843868348559,1.0658091119472906,5.750265949800179
50,4,0,0.0,67818.0,0.0,0.0,,0.0,0.0,,0.0
51,19068,297,0.015575833857772184,7571394779.0,0.10843722470755081,41722.0,0.012966780116005943,1.1020954848562388,1.22011022126899,1.1070821340204888,0.0
52,7315,338,0.04620642515379358,3364286446.0,0.2580838106197334,8326.0,0.07170309872687966,0.4949637989297419,0.619306287375473,1.2512153186043027,0.0
53,53665,2596,0.04837417311096618,9149308703.0,0.5012116389182896,76848.0,0.021366854049552363,1.6798646213522566,3.295929350876542,1.9620208134530428,0.0
54,29339,581,0.019802992603701556,19143888360.0,0.4124572883792141,52272.0,0.02508034894398531,0.5460959551897429,0.9061463405920157,1.6593170705268676,0.0
55,14437,248,0.017178084089492278,11548229538.0,0.38654572489326283,21362.0,0.01563524014605374,0.3699614720976461,0.5936498454970379,1.6046261307457237,0.0
56,136735,6242,0.04565034555892785,32728251527.0,0.3844472129413918,317484.0,0.021638885739123863,1.9401219752792693,3.0836346409971034,1.5894024604062496,0.0
57,1,0,0.0,101862.0,0.0,7.0,0.0,13.744085134790206,13.744085134790206,1.0,13.744085134790206
59,9,1,0.1111111111111111,268683.0,0.0007443716200876125,3.0,0.0,2.2331148602628375,2.234778365855566,1.0007449261219519,0.0
60,1,0,0.0,121200.0,0.0,1.0,0.0,1.6501650165016502,1.6501650165016502,1.0,1.6501650165016502
61,24707,845,0.034200833771805564,18200285982.0,0.2705247920757644,166526.0,0.01446020441252417,1.8299272897655945,2.472278903387815,1.3510257578072968,2.0378219792571883
62,328005,10422,0.03177390588558101,329911491646.0,0.6338819617304942,3137851.0,0.01858660592870726,1.9022380726082506,5.099125768274365,2.6805928457118444,4.091736737658299
63,7,1,0.14285714285714285,1433362.0,0.05930881382372353,20.0,0.05,2.790641861581373,2.818257263872686,1.0098957170647702,5.1910133232207905
65,1,0,0.0,70280.0,0.0,2.0,0.0,5.691519635742743,5.691519635742743,1.0,5.691519635742743
66,1,1,1.0,97394.0,1.0,1.0,1.0,2.0535145902211633,,,
71,23643,874,0.03696654400879753,9771686147.0,0.3531960735414725,187384.0,0.015492251206079494,3.8352439319293663,5.837669214800951,1.5221115836207686,2.1976814460743914
72,137349,6143,0.04472548034568872,40855777688.0,0.6347247736913523,345905.0,0.03057775978953759,1.6932978372926573,4.493928042589832,2.653950146050493,0.0
73,3,0,0.0,115054.0,0.0,0.0,,0.0,0.0,,0.0
74,1,1,1.0,16185390.0,1.0,5.0,1.0,0.06178411518041888,,,
75,1,0,0.0,24322.0,0.0,4.0,0.0,32.89203190527095,32.89203190527095,1.0,32.89203190527095
76,1,0,0.0,62407.0,0.0,0.0,,0.0,0.0,,0.0
77,26,0,0.0,4071301.0,0.0,21.0,0.0,1.0316112711882517,1.0316112711882517,1.0,0.0
79,1,0,0.0,279654.0,0.0,9.0,0.0,6.436525134630651,6.436525134630651,1.0,6.436525134630651
80,9,1,0.1111111111111111,2699804.0,5.592998602861541e-05,81.0,0.0,6.000435587175958,6.000771210225907,1.000055933114367,4.632966381630942
81,47822,957,0.020011710091589644,23445159132.0,0.7391210524712595,97851.0,0.01480822883772266,0.8347224213670993,3.152272992993884,3.776432634732784,1.3693815416497397
82,1,0,0.0,1659239.0,0.0,122.0,0.0,14.705536694834198,14.705536694834198,1.0,14.705536694834198
83,7,1,0.14285714285714285,1762574.0,0.0010093193250325944,31.0,0.0967741935483871,3.517582807870762,3.1803815889981513,0.9041383707817463,2.6415175335589947
84,1,1,1.0,1600.0,1.0,1.0,1.0,125.0,,,
87,53,0,0.0,7413794.0,0.0,34.0,0.0,0.9172091914072605,0.9172091914072605,1.0,0.0
90,5,0,0.0,974689.0,0.0,68.0,0.0,13.9531686517443,13.9531686517443,1.0,10.739984964021051
91,1,0,0.0,274560.0,0.0,0.0,,0.0,0.0,,0.0
92,56648,2117,0.037371134020618556,37462916328.0,0.5686352160490563,497976.0,0.026491236525455042,2.6585009860954676,5.999734108948454,2.2568109398222362,1.3800431953520145
93,13,0,0.0,384857.0,0.0,1.0,0.0,0.5196735410814926,0.5196735410814926,1.0,0.0
94,2,2,1.0,0.0,,8.0,1.0,,,,
95,2,0,0.0,4024321.0,0.0,112.0,0.0,5.5661563776845835,5.5661563776845835,1.0,5.551912379360461
96,1,0,0.0,23747.0,0.0,4.0,0.0,33.688465911483554,33.688465911483554,1.0,33.688465911483554
99,1890,352,0.18624338624338624,150700931.0,0.0012917106663395464,2955.0,0.03756345177664975,3.921674511752021,3.779244570869005,0.9636813456965388,0.0
